tableA,tableB,label
730,775,0
670,820,0
497,239,0
644,299,0
464,32,0
855,1061,0
671,817,0
255,871,1
328,302,0
345,874,0
466,579,0
190,34,0
1021,17,0
719,798,0
519,399,0
675,1021,0
14,517,0
647,1074,0
345,653,0
993,419,0
138,205,0
836,1034,0
444,880,0
717,801,0
558,485,0
844,819,0
109,366,0
256,460,0
608,695,0
674,889,0
919,1004,0
577,961,0
963,97,0
1038,886,0
226,585,0
1011,648,0
482,1071,0
152,139,0
252,764,0
829,719,0
184,167,0
463,742,0
927,934,0
530,879,0
637,429,0
997,544,0
489,574,0
533,632,0
579,971,0
784,409,0
713,760,0
469,554,0
771,758,0
997,630,0
803,693,0
568,680,0
865,937,1
577,607,0
555,447,0
539,582,0
495,631,0
295,24,0
172,249,0
526,237,0
764,1075,0
540,954,0
965,74,0
479,926,0
614,724,0
657,35,0
990,589,0
190,35,0
326,1016,0
1076,244,0
11,717,0
789,516,0
935,859,0
43,347,0
235,772,0
741,1077,0
597,289,0
985,736,0
15,299,0
270,345,0
813,927,0
242,748,0
432,101,0
850,676,0
677,834,0
993,655,0
554,122,0
536,401,0
108,123,1
881,839,0
576,507,0
479,936,0
573,206,0
472,568,0
733,742,0
108,106,0
1062,986,1
1076,526,0
487,844,0
1010,978,0
1039,88,0
904,910,0
280,633,0
994,1012,0
65,72,0
181,880,0
190,57,0
670,822,0
660,435,0
986,649,0
84,748,0
965,159,0
62,72,0
1069,449,0
443,441,0
115,569,0
615,637,0
741,892,0
910,401,0
413,951,0
918,1010,0
788,584,0
929,977,1
883,926,0
370,991,0
351,107,0
930,1031,0
793,442,0
55,102,0
843,817,0
654,611,0
163,336,0
1040,186,1
1076,682,0
115,74,0
1071,103,1
473,886,0
675,892,0
289,340,0
135,145,1
12,62,0
541,239,0
947,1058,0
296,453,0
812,673,0
190,300,0
803,680,0
250,637,0
495,948,0
450,581,0
968,359,1
535,35,0
439,23,0
511,594,0
216,374,1
180,584,0
167,47,0
486,511,0
656,1061,0
946,1000,0
985,911,0
687,844,0
902,536,0
348,271,0
250,626,0
406,486,0
344,484,0
670,823,0
104,496,0
481,653,0
419,395,0
844,527,0
426,90,0
249,321,0
708,568,0
553,598,1
214,3,1
534,634,0
378,922,0
399,159,0
868,537,0
540,924,0
741,983,0
522,938,0
895,625,0
94,232,0
985,605,0
391,142,0
940,152,0
807,543,0
963,540,0
95,88,0
488,223,0
591,744,0
771,716,0
852,821,0
190,515,0
894,601,0
386,456,0
190,517,0
42,800,0
850,527,0
421,303,0
994,910,0
167,308,0
803,719,0
754,596,0
789,638,0
451,978,0
281,183,0
1047,46,0
961,100,0
974,1080,1
890,409,0
277,520,1
911,1016,0
536,972,0
687,791,0
236,772,0
960,86,0
807,1058,0
918,1007,0
790,629,0
256,147,0
237,3,0
20,124,0
548,665,0
641,37,0
530,664,0
1025,1,0
352,59,0
736,834,0
453,250,0
749,634,0
564,723,0
295,17,0
780,11,0
615,302,0
295,485,0
108,203,0
351,205,1
481,630,0
482,542,0
675,983,0
445,446,0
108,107,0
577,544,0
230,879,0
900,629,0
99,987,0
306,256,0
348,551,0
863,1009,0
134,1,0
203,169,0
426,59,0
682,983,0
977,678,0
419,167,0
864,388,0
439,579,1
595,960,0
904,932,1
447,412,1
450,554,0
708,650,0
566,1083,0
1076,678,0
298,318,0
40,902,0
721,894,1
496,610,0
849,667,0
476,654,0
443,508,0
738,835,1
663,88,0
409,244,0
851,677,0
665,639,0
900,791,0
882,727,0
813,849,0
1036,1055,1
825,792,0
13,58,0
685,732,1
948,1058,0
618,686,0
550,298,0
370,541,0
203,303,0
899,622,0
753,842,0
551,871,0
644,516,0
547,924,0
533,138,0
483,401,0
308,346,1
713,699,0
125,129,1
519,938,0
15,883,0
829,920,1
468,603,0
760,469,1
1079,22,1
489,1012,0
594,515,0
170,59,0
260,669,0
638,900,0
617,663,0
943,927,0
530,594,0
802,665,0
252,753,0
543,21,0
203,395,0
181,538,0
918,1068,0
574,732,0
344,439,0
625,568,0
636,760,0
400,639,0
544,1064,0
233,672,0
994,932,0
844,676,0
109,99,1
877,999,0
664,528,0
786,311,1
670,817,0
987,543,0
664,140,0
659,496,0
193,451,0
900,846,0
622,816,0
10,758,0
868,536,0
261,336,1
671,822,0
130,436,0
485,271,0
741,840,0
899,624,0
946,543,0
1007,251,1
664,139,0
947,938,0
877,695,0
737,840,0
481,415,0
815,704,1
559,843,0
200,991,0
427,302,0
279,634,0
442,508,0
875,1060,0
997,994,0
198,963,0
959,927,1
672,909,1
700,78,0
550,866,0
713,863,0
509,763,0
985,606,0
141,64,0
433,101,0
1062,1007,0
644,515,0
611,695,1
532,982,0
470,581,0
935,20,0
665,635,0
626,568,0
975,969,0
71,346,0
782,290,0
594,528,0
1009,328,0
62,46,0
47,257,0
400,302,0
375,345,0
35,207,0
1016,975,0
433,85,0
1039,963,0
945,941,0
960,87,0
180,538,0
211,321,0
1018,485,1
941,661,0
483,908,0
946,994,0
464,580,0
495,1012,0
197,433,0
263,491,0
619,717,0
781,748,1
657,635,0
164,160,0
524,922,0
711,320,0
65,307,0
902,654,0
474,1052,0
9,50,0
631,742,0
948,961,0
916,1008,0
957,958,1
482,586,0
894,923,1
895,622,0
947,662,0
21,196,1
443,23,0
857,606,0
395,188,1
47,79,1
15,460,0
87,160,0
181,1012,0
483,732,0
344,489,0
789,632,0
409,526,0
547,192,0
10,139,0
1001,419,0
646,1074,0
130,155,0
269,340,0
969,492,0
486,630,0
489,543,0
359,569,0
822,850,0
473,887,0
857,1012,1
775,759,0
930,1087,0
643,632,0
615,335,0
201,279,1
191,460,0
596,880,0
600,434,0
577,606,0
700,1070,0
512,192,0
250,724,0
345,991,0
643,301,0
388,376,0
128,27,0
569,695,0
464,616,0
958,26,0
425,465,0
715,650,0
483,793,1
680,1021,0
914,1006,0
685,630,0
222,869,0
649,667,0
978,421,0
762,69,1
266,349,0
142,336,0
978,88,0
31,643,1
94,101,0
794,824,0
679,720,1
309,956,1
705,576,0
462,8,0
489,631,0
181,627,0
509,879,0
163,911,0
279,1075,0
78,880,0
625,831,0
631,567,0
986,1083,0
597,833,1
612,80,0
906,905,0
906,538,0
427,515,0
563,313,0
838,818,0
564,982,1
619,742,0
983,601,0
37,799,0
342,629,0
825,791,0
660,496,0
528,709,1
568,696,0
595,173,0
983,953,0
329,635,0
866,936,0
584,680,0
874,535,0
796,152,0
844,814,0
251,415,1
650,714,0
684,882,0
692,784,0
359,74,0
182,204,0
1061,979,0
879,1076,1
65,71,0
685,844,0
568,971,0
480,401,0
390,393,1
657,636,0
533,140,0
1060,152,0
905,536,0
839,821,0
44,351,0
764,634,0
708,567,0
987,607,0
848,821,0
531,723,0
479,627,0
145,50,0
865,537,0
202,464,0
1039,97,0
683,893,1
273,89,0
520,574,0
172,105,0
486,607,0
873,1063,0
1015,654,0
931,857,0
280,138,0
256,632,0
973,678,0
865,938,0
807,574,0
545,887,0
827,486,0
109,965,0
1011,139,0
667,87,0
764,637,0
480,541,0
194,81,1
342,584,0
963,964,0
1020,489,0
1028,10,0
949,1058,0
476,907,0
266,347,0
802,548,0
581,714,0
572,686,0
993,67,0
198,86,0
426,447,0
894,590,0
825,541,0
934,857,0
511,513,0
737,1021,0
825,537,0
913,1002,1
722,772,0
41,798,0
445,414,0
469,579,0
406,430,0
229,327,0
45,845,0
905,399,0
940,960,0
869,1087,0
747,938,0
77,346,0
881,834,0
741,889,0
233,291,1
803,714,0
804,667,0
733,831,0
376,372,0
842,818,0
610,902,0
615,633,0
14,300,0
170,71,0
793,89,0
795,823,0
716,811,0
422,155,0
888,978,0
879,1077,0
988,909,0
407,25,0
66,454,0
29,43,1
595,992,0
384,438,1
1078,382,1
881,983,0
220,314,1
110,964,0
990,575,0
383,951,0
130,356,0
109,100,0
444,582,0
489,992,0
931,977,0
892,1060,0
451,505,0
890,540,1
593,616,0
170,72,0
709,839,0
857,627,0
353,356,0
503,560,0
445,587,0
78,732,0
960,98,0
470,979,0
57,502,0
378,687,0
483,1071,0
523,941,0
372,607,0
920,1004,0
423,284,0
450,580,0
424,751,1
948,654,0
906,880,0
713,734,0
962,84,0
540,665,0
528,664,0
616,504,0
60,71,0
595,528,0
462,1,0
329,636,0
253,926,0
837,1054,0
174,183,0
654,843,0
669,574,0
988,732,0
577,509,0
20,569,0
596,584,1
529,665,0
521,535,1
325,201,0
933,1087,0
665,517,0
295,172,0
486,654,0
848,823,0
659,265,0
446,629,0
32,299,0
1062,1008,0
350,880,0
476,576,0
514,548,0
840,817,0
480,459,0
257,764,0
197,122,0
110,939,0
352,71,0
768,46,0
801,61,0
894,665,0
386,454,0
511,595,0
9,301,0
181,536,0
713,759,0
831,924,1
985,992,0
567,988,0
65,74,1
901,507,0
949,980,0
1031,437,0
949,994,0
142,629,0
619,567,0
715,863,0
758,447,0
949,926,0
627,292,0
269,347,0
552,599,1
482,573,0
87,72,0
287,429,0
532,594,0
850,824,0
644,635,1
825,587,0
657,626,0
256,299,0
521,536,0
536,576,0
865,905,0
722,345,0
320,396,1
100,93,0
615,641,0
344,11,0
134,0,0
520,584,0
444,587,0
868,475,0
491,627,0
579,686,0
736,893,0
1019,172,0
631,758,0
242,284,1
947,732,0
671,825,0
964,101,0
1080,171,0
575,80,0
843,821,0
531,762,0
665,634,0
863,1003,0
479,577,0
473,831,0
926,101,0
890,909,0
845,818,0
614,639,0
447,287,0
635,686,0
60,297,0
90,272,0
742,774,1
20,39,0
841,587,0
884,986,0
211,325,0
620,714,0
28,59,0
115,307,0
232,184,1
514,549,0
902,507,0
357,432,1
26,912,0
806,470,0
5,191,1
1005,613,0
479,446,0
561,831,0
841,654,0
521,936,0
433,98,0
480,908,0
569,658,0
520,937,0
947,991,0
416,395,0
945,953,0
718,799,0
692,789,0
370,535,0
960,97,0
496,561,0
32,139,0
1074,624,0
455,980,0
250,301,0
594,300,0
636,717,0
487,631,0
850,814,0
798,66,0
963,968,0
20,48,0
614,636,0
749,638,1
757,940,0
720,1079,0
569,663,0
520,880,0
482,443,0
630,760,0
967,1040,0
299,423,1
355,845,0
671,821,0
176,59,0
974,969,0
846,817,0
619,887,0
670,827,0
610,722,0
817,429,0
477,844,1
500,878,0
466,580,0
110,366,0
675,893,0
631,692,0
982,1067,0
728,72,0
919,1068,0
686,1060,0
267,348,1
370,173,0
39,845,0
432,89,0
119,688,0
350,574,0
940,905,0
180,132,1
78,415,0
541,835,0
169,248,1
418,334,0
802,547,0
274,727,0
1025,8,1
190,460,0
897,622,0
798,64,0
584,686,0
590,717,0
987,727,0
487,926,0
960,83,0
664,626,0
471,742,0
776,1073,1
370,846,0
846,824,0
119,159,0
657,301,0
1038,717,0
435,4,0
440,979,0
65,52,0
994,536,0
885,584,0
789,300,0
913,1001,0
977,682,0
503,843,0
832,616,0
296,215,0
1037,656,0
643,639,0
54,64,1
603,1085,0
955,1040,0
1037,949,0
906,584,0
268,178,0
960,255,0
810,221,1
705,554,0
748,528,0
914,1068,0
456,509,0
230,764,0
890,968,0
921,1008,0
184,457,0
129,871,0
585,263,0
532,762,0
90,964,0
1062,1004,0
109,101,0
892,1061,0
948,960,0
96,98,0
102,303,0
680,840,1
293,140,0
44,764,0
115,52,1
64,74,0
657,584,0
853,680,0
295,813,0
644,1075,0
838,821,0
439,979,0
889,580,0
508,562,0
489,629,0
276,401,0
1020,17,0
468,604,1
463,568,0
650,675,0
874,1012,0
345,609,0
191,640,0
522,537,1
111,246,0
881,893,0
894,592,0
447,157,0
1023,484,1
979,913,0
578,989,0
649,999,0
766,275,0
370,844,0
134,9,1
365,484,0
428,546,0
579,667,0
212,327,0
528,835,0
102,167,0
789,648,0
844,826,0
431,160,0
388,454,0
644,638,0
479,791,0
57,106,1
586,155,0
890,939,0
784,551,0
900,627,0
32,638,0
677,1077,0
361,471,0
253,414,0
1038,796,0
507,922,0
733,734,0
1015,1081,1
1037,568,0
399,59,0
280,517,0
338,329,1
927,101,0
316,796,1
1020,11,0
400,140,0
747,627,0
260,672,0
935,987,0
617,686,0
497,1039,0
450,583,0
528,298,0
792,54,0
511,924,0
921,1006,0
496,557,0
1022,273,0
785,670,0
857,536,0
109,86,0
946,960,0
371,519,0
123,78,1
614,633,0
614,637,1
200,541,0
867,1001,1
482,582,0
478,437,1
213,326,0
308,347,0
329,179,0
962,97,0
1051,709,0
710,805,0
98,193,1
564,351,0
775,742,0
987,654,0
1044,686,0
345,588,0
1060,509,0
747,399,0
279,299,0
292,98,0
108,481,0
421,167,0
482,607,0
620,988,0
799,992,0
191,335,0
520,294,0
252,210,0
885,1012,0
499,559,0
354,276,1
733,567,0
399,72,0
665,302,0
946,1012,0
27,74,0
922,1008,0
312,504,0
481,573,0
453,581,0
607,881,0
635,971,0
1007,423,0
574,793,0
499,878,0
470,580,0
587,230,0
620,1083,0
617,695,0
667,232,1
365,439,0
1000,619,1
458,978,0
987,1058,0
481,414,0
567,714,0
198,6,0
54,152,0
551,869,0
1047,72,0
962,89,0
143,64,0
36,211,0
770,625,1
764,635,0
483,961,0
1037,699,0
65,47,0
847,686,0
1019,485,0
417,36,0
1039,965,0
32,596,0
884,1091,0
684,885,0
792,888,0
561,650,0
168,583,0
502,553,1
583,660,1
733,699,0
634,525,1
496,560,0
60,52,0
665,626,0
328,636,0
1000,606,0
890,272,0
444,606,0
952,428,0
933,858,0
605,524,0
625,716,0
135,203,0
1059,287,0
940,536,0
445,793,0
1080,110,0
431,159,0
780,480,1
238,368,1
665,301,0
256,139,0
34,36,1
530,753,0
261,328,0
1044,680,0
495,619,0
511,709,0
14,56,0
94,97,0
570,646,0
720,780,0
559,878,1
749,300,0
93,97,1
381,465,1
960,99,0
833,998,0
785,621,0
896,624,0
94,939,0
497,881,1
445,630,0
337,182,0
365,172,0
484,294,0
931,1087,0
701,865,1
971,725,0
614,626,0
388,424,0
841,536,0
903,510,0
567,680,0
489,874,0
295,480,0
574,582,1
657,138,0
634,521,0
789,633,0
839,676,0
770,946,0
934,125,0
137,238,1
11,50,0
190,636,0
1011,300,0
771,567,0
867,432,0
59,16,1
572,971,0
363,238,0
495,587,0
660,265,0
62,52,0
528,593,0
643,724,0
881,891,0
807,505,0
532,665,0
267,345,0
839,825,0
45,870,0
771,760,0
933,1030,0
789,299,0
554,107,0
936,681,1
95,101,0
1021,11,0
580,714,0
687,631,0
260,671,0
687,574,0
529,753,0
803,663,0
940,661,0
705,509,0
906,582,0
363,409,1
1060,911,0
32,335,0
26,201,1
933,987,0
785,265,0
671,819,0
290,799,0
481,846,0
363,810,0
90,83,0
667,100,0
601,895,0
1002,655,0
650,695,0
284,621,0
949,507,0
683,900,0
965,72,0
293,717,0
687,573,0
664,299,0
690,782,0
1022,115,0
664,300,0
504,558,0
393,434,1
861,858,1
931,1031,1
12,197,0
191,724,0
9,34,0
62,307,0
914,1007,0
842,821,0
779,655,1
347,441,1
848,818,0
464,578,0
487,1000,0
476,1022,0
23,1047,0
508,561,0
649,1083,0
654,558,0
848,824,0
977,400,0
847,694,0
579,663,0
188,868,0
415,384,1
448,732,0
1015,736,0
615,724,0
868,294,0
176,308,0
452,616,0
853,695,0
498,561,0
758,90,1
857,948,0
484,586,0
562,737,0
771,699,0
606,523,0
863,487,0
581,693,0
749,626,0
534,1012,0
651,898,0
990,512,0
364,357,0
889,506,0
142,584,0
93,255,0
268,348,0
955,879,0
268,344,0
145,34,0
985,948,0
1019,81,0
625,734,0
234,495,1
885,908,0
191,883,0
174,700,0
657,639,0
909,408,0
260,435,0
295,489,0
775,914,1
150,196,0
780,110,0
152,635,0
428,665,0
594,724,0
556,597,1
665,633,0
586,205,0
297,917,0
1048,735,1
415,242,0
1018,813,0
209,481,1
482,574,0
256,461,0
630,886,0
345,511,0
1007,318,0
446,732,0
999,638,0
171,618,0
900,1012,0
74,845,0
533,635,0
653,838,0
658,621,0
3,764,0
170,46,0
479,792,0
1013,383,0
840,826,0
917,1068,0
166,829,1
237,14,1
684,983,0
909,974,0
921,1004,0
191,50,0
715,567,0
733,760,0
720,349,0
650,971,0
728,158,0
253,792,0
540,550,0
370,793,0
999,637,0
170,307,0
946,509,0
610,721,1
96,84,0
434,101,0
191,141,0
756,392,0
579,694,0
450,507,0
295,484,0
843,816,0
922,1007,0
308,349,0
16,223,1
941,1017,0
250,516,0
442,505,0
24,92,0
530,298,0
296,917,0
142,299,0
915,1010,0
170,120,0
902,844,0
474,1037,0
42,798,0
1025,0,0
675,891,0
78,846,0
496,611,0
188,873,0
664,637,0
670,814,0
252,351,0
789,635,0
885,573,0
675,840,0
852,817,0
147,141,1
94,89,0
777,638,0
775,650,0
949,605,0
979,572,0
736,1021,0
14,138,0
337,183,0
885,574,0
657,724,0
114,48,0
598,35,0
560,575,0
500,561,0
865,245,0
402,402,0
479,654,0
711,325,0
134,8,0
9,140,0
651,884,1
666,686,0
1028,9,0
999,139,0
249,325,0
946,574,0
1007,316,0
561,734,0
1060,844,0
789,641,0
1056,46,0
280,648,0
919,1010,0
1076,402,0
794,816,0
170,160,1
757,941,0
313,848,0
535,636,0
312,430,0
32,515,0
453,506,0
446,907,1
370,980,0
529,709,0
164,73,1
491,418,0
825,258,0
529,192,0
184,539,0
329,639,0
711,321,0
85,155,1
569,988,0
190,637,0
562,709,0
753,884,0
852,816,0
793,162,0
849,988,0
78,573,0
932,859,0
1051,298,1
590,864,0
1075,569,1
212,877,0
121,128,1
996,1040,1
476,653,0
991,954,0
431,307,0
843,527,0
838,820,0
666,988,0
568,675,0
842,817,0
1011,392,0
999,1075,1
799,1086,0
93,963,0
23,491,1
520,475,0
818,1055,0
394,739,0
940,543,0
919,1006,0
736,840,0
605,523,1
711,789,1
524,575,0
590,650,0
631,716,0
961,6,0
938,173,0
96,366,0
852,818,0
83,284,0
708,887,0
598,528,1
470,506,0
501,561,1
167,52,0
252,982,0
973,400,0
683,1077,0
619,863,1
586,131,0
914,1015,0
771,717,0
1000,632,0
910,1048,0
560,512,0
296,424,0
456,510,1
383,483,0
1046,962,1
933,859,0
899,946,1
370,619,0
582,668,1
71,178,0
916,1010,0
843,818,0
536,578,0
1055,858,0
842,816,0
203,457,0
74,1085,0
987,573,0
726,151,0
380,397,1
682,840,0
1080,81,0
487,880,0
256,179,0
926,934,0
569,999,0
442,23,0
531,594,0
1036,803,0
803,971,0
903,543,0
948,152,0
487,961,0
989,574,0
71,340,0
576,846,0
451,980,1
932,1031,0
574,644,0
269,349,1
643,1075,0
292,366,0
564,709,0
381,464,0
540,953,0
180,536,0
795,676,0
657,619,0
1019,11,0
328,34,0
87,59,0
296,318,0
749,516,0
866,475,0
229,876,0
813,372,0
328,626,0
667,97,0
685,536,0
338,27,0
536,1048,1
839,814,0
463,673,0
682,834,0
506,343,1
790,584,0
737,889,1
93,100,0
649,714,1
923,1004,0
897,944,1
269,346,0
491,475,0
273,363,1
858,556,0
640,70,0
595,630,0
658,265,0
825,631,0
186,107,0
351,145,0
609,686,0
903,152,0
548,192,0
72,76,1
863,503,1
724,737,1
728,42,0
767,694,0
350,846,0
448,1022,0
636,849,0
535,302,0
44,194,1
180,880,0
909,271,0
297,251,0
843,677,0
87,688,0
947,736,0
269,1079,0
328,335,0
370,910,0
225,415,0
749,515,0
825,605,0
587,229,1
192,264,1
657,517,0
568,691,0
825,926,0
705,627,0
612,616,1
1069,288,0
448,1071,0
485,238,0
219,285,1
323,339,1
535,147,0
238,603,0
297,424,1
932,987,0
941,991,0
178,395,0
896,303,0
985,648,0
205,274,0
160,341,0
906,874,0
804,680,0
548,21,0
398,420,1
667,89,0
903,992,0
627,124,0
95,965,0
724,835,0
1011,637,0
860,859,0
37,108,0
365,17,0
961,89,0
933,1031,0
594,301,0
451,508,0
480,582,0
73,870,0
434,255,0
999,335,0
499,843,0
1017,512,0
950,428,0
307,389,0
644,461,0
433,964,0
687,880,0
486,661,0
87,158,0
492,296,1
482,511,0
338,672,0
235,218,1
685,446,0
350,926,0
1060,507,0
87,46,0
162,116,0
1044,971,0
450,979,0
1028,8,0
590,742,0
193,263,1
687,414,0
596,732,0
1003,26,0
868,880,0
530,982,0
482,791,0
267,347,0
742,772,0
630,742,0
485,968,0
534,724,0
988,908,0
167,59,0
902,793,0
319,476,1
406,503,0
865,880,0
148,246,1
64,120,0
671,827,0
1015,510,0
479,1012,0
768,72,0
489,654,0
611,649,0
211,320,1
938,948,0
92,271,0
417,334,0
432,85,0
937,929,1
535,517,0
813,1070,1
803,691,0
10,34,1
877,686,0
427,626,0
323,910,0
849,675,0
345,475,0
858,561,0
25,883,0
1042,852,1
481,961,0
1062,432,0
451,250,0
81,257,1
146,626,0
699,774,0
395,383,0
1038,887,0
926,540,0
946,736,0
758,614,0
448,880,0
807,509,0
956,187,0
987,844,0
698,218,0
596,627,0
1068,1090,1
790,936,0
894,513,0
775,568,0
798,152,1
290,349,0
135,107,0
722,812,0
516,922,0
942,761,0
672,1071,0
579,675,0
1052,1033,0
882,910,1
722,798,0
932,1032,0
15,44,0
66,354,0
9,35,0
848,814,0
458,583,0
534,139,0
846,827,0
967,572,0
256,34,0
584,746,0
325,313,0
768,74,0
1056,52,0
407,171,0
546,650,0
586,148,0
842,826,0
1014,662,0
796,61,0
929,1031,0
1076,96,0
1020,485,0
1060,653,0
780,484,0
620,658,0
980,1067,0
947,511,0
389,1053,0
845,822,0
486,980,0
670,821,0
713,831,0
249,875,0
540,592,0
566,971,0
52,236,0
907,169,0
198,255,0
644,335,0
947,509,0
593,459,0
654,610,0
61,76,0
999,299,0
444,459,0
803,690,0
577,510,0
989,629,0
453,510,0
949,418,0
749,632,0
428,548,0
427,300,0
877,714,0
545,21,0
960,100,0
142,626,0
482,415,0
498,557,0
295,171,1
780,171,0
953,500,0
32,626,0
1005,364,0
217,205,0
462,115,0
477,1022,0
387,424,0
352,46,0
88,615,0
754,564,0
873,673,0
534,640,0
78,80,1
427,634,0
868,245,0
976,969,0
483,907,0
591,941,0
574,587,0
114,47,0
77,344,0
477,907,0
543,758,1
470,674,1
853,1083,0
747,475,0
344,273,0
442,978,0
592,690,0
904,258,0
486,960,0
574,573,0
777,641,0
706,865,0
140,919,0
593,585,0
683,892,0
912,1006,0
960,232,0
970,682,1
906,609,0
443,578,0
1001,874,0
840,822,0
985,844,0
885,627,0
846,677,0
594,139,0
477,654,0
168,336,0
555,411,1
559,557,0
64,158,0
695,691,0
671,527,0
270,349,0
1002,249,1
566,988,0
671,818,0
763,830,1
1056,310,0
480,792,1
363,272,0
163,644,0
110,101,1
873,989,0
479,587,0
781,284,0
883,258,0
257,866,0
434,87,0
173,166,0
427,635,0
962,939,0
378,323,0
190,179,0
927,540,0
28,48,1
512,924,0
17,861,0
736,1076,0
1037,886,0
573,710,1
171,617,0
711,787,0
215,200,0
682,1021,0
486,736,0
299,454,0
579,714,0
753,838,0
716,812,0
110,85,0
54,60,0
176,159,0
1009,1038,0
1047,74,0
356,845,0
664,639,0
825,573,0
9,637,0
432,6,0
480,793,0
230,351,1
473,673,0
218,12,1
690,788,0
370,911,0
482,605,0
789,146,0
269,344,0
342,510,0
837,519,0
384,441,0
901,542,0
445,573,1
858,612,0
65,59,0
636,742,0
266,348,0
860,1031,0
350,446,0
263,1044,0
713,692,0
909,968,0
433,366,0
671,824,0
595,607,0
1021,485,0
198,964,0
741,893,0
790,880,0
295,110,0
690,786,1
535,141,0
596,629,0
722,800,0
978,89,0
225,616,0
861,1030,0
107,354,0
638,834,0
495,415,0
708,863,0
152,637,0
546,887,0
528,665,0
477,880,0
247,326,1
901,1000,0
884,432,0
961,366,0
903,793,0
689,783,0
290,798,0
285,277,1
360,260,0
741,890,0
509,594,0
972,400,0
486,961,0
848,527,0
458,23,0
793,130,1
1031,449,0
845,823,0
812,684,0
311,474,1
946,152,0
569,686,0
256,515,0
785,121,0
568,988,0
1027,8,0
921,1007,0
276,910,0
858,610,0
1019,110,0
593,80,0
546,1064,0
789,626,0
780,81,0
477,399,0
9,640,0
66,376,0
999,301,0
793,653,0
778,6,1
806,1049,0
757,557,0
1080,489,0
532,664,0
755,559,0
225,459,0
432,963,0
533,301,0
10,883,0
1000,633,0
712,789,0
548,763,0
686,989,0
284,628,0
40,722,0
885,587,1
883,911,1
869,987,0
593,790,0
326,1015,0
530,762,0
579,695,0
555,160,0
916,1005,0
904,880,0
47,729,0
346,356,0
987,792,0
332,256,0
1019,439,1
665,460,0
540,940,0
20,47,0
752,838,0
680,890,0
666,675,0
739,624,1
350,444,1
495,1071,0
433,965,0
561,886,0
628,472,0
841,880,0
972,367,0
373,180,0
749,633,0
900,991,0
194,480,0
754,832,1
959,372,0
790,1012,0
902,631,0
869,20,0
926,272,0
647,1033,0
256,335,0
469,576,0
486,844,0
943,1028,1
336,301,0
216,373,0
643,634,1
397,288,1
96,88,1
619,734,0
434,100,0
190,632,0
562,866,0
452,506,0
902,538,0
170,308,0
253,793,0
512,737,0
731,775,0
989,909,0
838,527,0
457,509,1
93,366,0
1004,621,0
987,661,0
961,939,0
255,872,0
60,569,0
755,558,0
289,346,0
531,913,0
964,408,0
308,109,0
700,555,1
419,457,0
771,849,0
934,20,0
665,641,0
869,1031,0
1015,991,0
173,334,1
883,727,0
1055,859,0
546,21,0
1070,188,0
535,460,0
719,349,0
636,864,0
664,141,0
873,1060,1
483,846,0
570,719,0
857,173,0
92,98,0
481,587,0
1044,714,0
630,567,0
1013,802,1
417,80,0
868,574,0
353,243,0
941,152,0
671,814,0
777,516,0
249,144,0
1030,289,0
902,543,0
534,638,0
608,675,0
323,528,0
248,180,1
764,516,0
328,640,0
1039,101,0
453,979,0
544,761,0
370,653,0
446,909,0
1022,813,0
240,429,0
226,446,1
236,218,0
710,1026,0
177,539,0
592,691,1
692,788,0
838,677,0
334,57,0
371,289,1
299,317,0
486,911,0
217,286,1
867,1002,0
797,1086,0
947,627,0
611,663,0
671,676,1
547,763,0
666,695,0
105,478,1
1047,52,0
630,758,0
649,646,0
1035,1022,0
1047,159,0
688,577,0
482,631,0
1000,173,0
669,732,0
1000,641,0
179,295,0
319,1051,0
712,787,1
348,810,0
329,301,0
293,50,0
60,688,0
479,619,0
3,709,0
351,433,0
167,158,0
963,232,0
830,518,0
367,464,0
865,732,0
955,572,0
71,344,0
568,686,0
1001,511,0
66,455,0
1004,670,0
874,936,0
575,554,0
1000,175,0
1004,496,1
866,584,0
618,971,0
715,831,0
944,955,0
257,313,1
1035,1078,1
806,130,0
638,983,0
953,428,0
570,691,0
256,1075,0
400,632,0
655,503,0
173,204,0
947,510,0
535,300,0
471,673,1
680,983,0
463,711,1
552,737,0
329,724,0
611,686,0
226,459,0
268,347,1
825,582,0
566,686,0
340,407,1
955,764,0
64,48,0
23,1044,0
985,173,0
291,490,0
579,988,0
60,72,0
1026,10,1
673,783,1
53,908,0
296,316,0
955,570,0
280,635,0
794,819,0
197,502,0
543,568,0
489,511,0
617,1083,0
625,742,0
764,1012,0
883,336,0
644,637,0
1037,849,1
464,579,0
618,667,0
487,418,0
799,162,1
672,1022,0
60,159,0
370,574,0
308,108,0
11,335,0
961,232,0
986,695,0
181,399,0
825,536,0
736,839,0
58,103,0
25,21,1
620,647,0
712,786,0
458,979,0
41,799,0
999,461,0
896,622,0
808,66,0
367,237,0
980,1052,0
256,50,0
948,536,0
595,584,0
57,433,0
225,445,1
816,708,0
122,393,0
226,80,0
252,350,1
1044,719,0
650,680,0
922,1009,1
470,554,0
397,518,0
296,354,0
427,638,0
190,138,0
1080,172,0
947,584,0
205,282,1
922,1010,0
10,147,0
657,632,1
256,635,0
902,961,0
586,617,1
821,429,0
949,844,0
93,83,0
114,473,0
1018,439,0
583,668,0
142,245,0
1037,1070,0
342,536,0
843,819,0
693,772,0
695,999,0
10,57,0
440,580,0
1015,980,0
462,485,0
811,796,0
709,891,1
271,917,0
574,630,0
868,938,0
643,626,0
502,575,0
664,517,0
955,1039,0
822,851,0
562,763,0
548,594,0
947,1000,0
960,21,0
625,692,0
434,939,0
359,71,0
900,578,0
775,716,0
37,798,0
336,638,0
533,1012,0
747,732,0
590,863,0
838,676,0
3,313,0
299,316,0
64,159,0
351,203,0
544,742,0
328,50,0
754,912,0
1011,638,0
584,675,0
491,960,0
903,574,0
868,1012,0
409,95,1
662,113,0
118,131,1
241,445,0
294,862,1
96,86,0
634,144,0
1007,317,0
301,426,0
332,386,0
572,680,0
99,1030,0
536,577,0
296,317,0
948,1000,0
47,63,0
883,910,0
836,951,0
960,540,0
561,568,0
314,417,1
464,585,0
80,297,0
280,637,0
529,982,0
554,502,1
428,192,0
243,312,1
649,971,0
582,698,0
453,579,0
458,505,0
864,486,0
885,1071,0
1056,297,0
298,423,0
717,800,0
590,656,1
616,503,0
452,583,0
220,861,0
152,268,0
1039,98,0
901,911,0
664,515,0
479,536,0
900,584,0
976,975,1
952,745,0
618,719,1
136,360,1
458,508,1
253,791,0
266,345,0
840,677,0
214,38,0
420,303,1
430,31,1
480,991,0
471,711,0
657,461,0
362,620,1
479,541,0
713,717,0
326,995,0
947,791,0
495,907,0
368,118,0
351,106,0
253,630,0
926,973,0
922,1005,0
837,291,0
839,827,0
684,892,0
735,775,1
406,487,1
142,173,1
882,573,0
1000,948,0
344,813,0
545,1064,0
802,593,0
101,829,0
495,443,0
788,574,0
872,608,1
578,1061,0
534,641,0
274,537,0
1001,993,0
611,697,0
830,291,0
987,736,0
867,1003,0
191,515,0
418,275,0
190,724,0
551,873,0
483,844,0
687,846,1
546,717,0
940,992,0
958,91,0
622,815,0
994,911,0
56,203,0
529,764,0
200,654,0
534,637,0
764,632,0
643,640,0
95,98,0
713,886,0
342,960,0
183,845,0
564,210,0
802,549,0
926,304,0
422,352,1
946,961,0
1030,833,0
666,680,0
115,46,0
115,297,0
434,89,0
482,576,0
812,796,0
329,335,0
370,294,0
825,966,0
627,472,1
328,634,0
131,607,0
949,993,0
1019,813,0
3,982,0
473,692,0
1022,110,0
558,115,0
443,577,0
534,626,0
799,653,0
491,961,0
911,1001,0
747,538,0
769,624,0
104,113,1
476,991,0
9,139,0
93,232,0
828,379,0
697,772,0
307,256,0
446,908,0
90,86,0
660,113,0
574,443,0
691,784,1
622,527,1
241,615,0
549,876,0
631,568,0
889,505,0
997,152,0
64,308,0
250,640,0
899,947,0
664,648,0
342,736,0
728,46,0
530,351,0
570,696,0
400,139,0
881,892,0
548,597,0
740,834,0
130,106,0
643,641,0
440,576,0
230,982,0
479,844,0
630,734,0
553,596,0
434,963,0
834,110,0
9,635,0
484,661,0
477,443,0
82,68,1
198,88,0
638,1021,0
227,125,1
359,47,0
813,331,0
268,346,0
879,891,0
752,842,0
442,554,0
101,420,0
989,1022,0
510,548,0
367,389,0
186,356,1
489,961,0
496,878,0
812,903,1
402,391,0
325,351,0
1027,0,0
473,864,0
360,358,1
974,975,0
739,947,0
745,752,0
946,880,0
427,335,0
712,321,0
3,879,0
1002,358,0
841,574,0
482,907,0
181,936,0
125,401,0
435,341,0
766,539,1
1060,736,0
370,961,0
775,656,0
170,297,0
688,617,0
578,673,0
659,672,1
825,399,0
962,101,0
396,499,1
495,630,0
255,426,0
641,429,0
941,582,0
550,596,0
61,77,1
961,99,0
529,298,0
446,1022,0
576,152,0
754,548,0
465,742,0
807,508,0
576,844,0
548,879,0
577,629,0
741,1021,1
487,544,1
292,21,0
1022,171,0
419,275,0
495,926,0
190,139,1
885,936,0
630,759,0
987,605,0
623,644,0
803,666,0
521,399,0
191,1075,0
823,15,1
433,87,0
773,995,0
481,582,0
902,662,0
897,946,0
733,650,0
480,791,0
943,372,0
93,101,0
1039,366,0
191,34,0
176,74,0
1056,74,0
852,824,0
878,1062,1
491,991,0
999,516,0
32,147,0
905,609,0
645,54,0
495,536,0
543,716,0
558,489,0
170,158,0
749,641,0
1014,736,0
580,988,0
825,586,0
304,917,1
509,953,0
591,691,0
789,335,0
288,93,0
631,831,0
598,648,0
534,639,0
1015,507,0
694,722,0
505,558,1
733,796,0
481,844,0
167,307,0
773,808,1
714,782,0
844,822,0
531,866,0
191,35,0
29,47,0
372,606,0
452,507,1
179,169,1
849,663,0
786,830,0
906,1058,0
738,808,0
688,585,0
584,660,0
738,1040,0
477,630,0
483,541,0
353,433,1
342,961,0
680,834,0
454,333,0
482,911,0
176,46,0
325,913,0
167,159,1
432,366,0
533,638,0
532,313,0
755,561,0
62,71,0
920,1010,1
567,697,0
843,824,0
732,775,0
71,348,0
153,459,0
572,667,0
926,85,0
328,637,0
939,151,1
289,108,0
199,127,0
987,629,0
292,85,0
584,695,0
563,762,0
951,500,0
1061,441,0
855,568,0
844,815,0
536,926,0
935,990,1
94,963,0
544,886,0
807,790,1
845,814,0
1047,297,1
106,26,0
798,328,0
44,739,0
999,517,0
426,297,0
939,150,0
807,89,0
250,50,0
458,506,0
119,59,0
179,165,0
609,668,0
535,637,0
929,20,0
664,335,0
363,100,0
680,900,0
531,709,0
11,179,0
536,908,0
879,983,0
483,960,0
737,882,0
947,874,0
834,480,0
66,424,0
400,636,0
904,732,0
747,536,0
483,606,0
483,926,0
708,849,0
1004,669,0
295,11,0
499,560,1
854,369,1
630,887,0
476,607,0
889,979,0
213,521,0
620,663,0
53,117,0
890,100,0
685,631,0
370,537,0
851,821,0
793,511,0
481,578,0
890,271,0
699,773,0
747,619,0
615,515,0
440,441,0
153,732,0
20,40,1
1060,661,1
622,814,0
576,630,0
568,647,0
747,1012,0
689,788,0
866,1012,0
480,586,0
482,654,0
400,633,0
590,734,0
350,793,0
1012,526,0
442,577,0
620,667,1
673,784,0
987,544,0
788,936,0
653,898,0
523,955,0
3,201,0
477,459,0
307,386,0
828,440,0
987,961,0
73,871,0
900,936,0
806,421,1
807,162,0
292,963,0
370,736,0
680,839,0
807,1012,0
577,1000,0
445,574,0
737,1076,0
501,563,0
619,949,0
1017,553,0
877,646,0
673,787,0
1030,291,0
962,98,0
596,1012,0
802,550,0
523,953,0
921,1005,0
342,511,0
521,938,0
579,1083,0
749,636,0
32,301,0
22,62,1
110,232,0
848,819,0
736,891,0
477,736,0
257,194,0
328,635,0
535,57,0
865,399,0
1080,439,0
664,460,0
440,578,0
740,890,1
942,831,0
917,1004,0
3,194,0
477,574,0
495,732,0
630,717,0
1044,663,0
469,585,0
850,819,0
295,115,0
491,584,0
450,978,0
495,880,0
370,573,0
176,72,0
864,5,0
708,949,0
142,566,0
158,207,1
705,605,0
164,46,0
740,882,0
683,885,0
348,272,0
253,846,0
619,864,0
903,654,0
947,544,0
983,954,0
435,2,1
295,273,0
528,879,0
749,517,0
920,1007,0
533,299,0
369,237,0
577,980,0
251,585,0
426,287,1
344,485,0
521,475,0
83,200,1
440,579,0
625,567,0
532,764,0
749,639,0
250,641,0
841,586,0
306,190,0
153,415,0
686,568,0
495,574,0
477,961,0
31,195,0
491,874,0
190,641,0
576,911,0
669,844,0
564,762,0
229,326,0
328,515,0
962,83,0
1080,813,0
985,1012,0
482,961,0
477,960,0
520,629,0
450,427,0
324,567,1
483,880,0
860,1030,0
427,50,0
532,593,0
10,179,0
264,242,0
482,793,0
906,537,0
424,862,0
284,671,0
874,727,0
14,141,0
445,792,0
357,986,0
947,880,0
480,907,0
941,736,0
728,160,0
754,597,0
94,83,0
279,300,0
1022,172,0
451,510,0
780,439,0
427,139,0
319,854,0
364,443,1
885,793,0
1039,271,0
946,511,0
501,683,0
977,402,1
27,59,0
905,418,0
9,461,0
724,725,0
657,640,0
472,476,0
444,629,0
554,481,0
940,736,0
450,250,0
87,569,0
1001,475,0
1053,936,0
949,661,0
618,697,0
930,857,0
39,984,1
109,963,0
524,512,1
941,936,0
1037,567,0
251,414,0
109,964,0
764,138,0
86,58,0
516,547,0
28,47,0
779,260,0
757,683,0
1038,716,0
657,299,0
532,763,0
913,1006,0
1000,648,0
450,23,0
747,629,0
535,634,0
489,991,0
849,649,0
790,536,0
995,953,0
1062,1005,0
315,416,1
637,37,0
882,911,0
830,833,0
180,1012,0
630,796,0
99,18,1
1044,988,0
613,659,0
794,822,0
1011,632,0
49,102,1
251,615,0
354,482,0
54,127,0
990,1041,1
250,639,0
804,971,0
3,753,0
841,588,0
295,25,0
427,138,0
901,629,0
906,736,0
789,606,0
511,664,1
590,796,0
78,926,0
1060,606,0
401,384,0
280,626,0
129,353,0
1073,330,1
620,719,0
921,1010,0
852,814,0
719,811,0
476,443,0
257,913,0
798,236,0
1026,0,0
874,294,0
901,607,0
270,344,1
420,209,0
780,172,0
563,723,1
591,999,0
364,312,0
71,108,0
388,354,0
631,949,0
476,577,0
787,390,1
445,732,0
278,381,0
575,445,0
829,690,0
472,742,0
854,5,0
1021,171,0
927,304,0
564,763,0
111,260,0
418,457,0
963,86,0
846,823,0
900,619,0
1061,250,0
547,709,0
1015,508,0
569,667,0
998,156,0
953,856,0
433,84,0
544,717,0
906,418,0
510,590,0
477,576,0
999,179,0
33,1044,0
938,64,0
561,863,0
67,224,1
3,197,0
863,486,0
581,667,0
1025,10,0
293,139,0
927,551,0
26,597,0
400,515,0
108,122,1
431,74,0
585,29,0
365,485,0
863,504,0
706,981,1
435,13,0
992,941,0
212,326,0
41,800,0
154,240,1
548,595,1
838,814,1
577,507,0
495,577,0
764,461,0
372,584,0
619,1064,0
535,638,0
931,859,0
687,446,0
990,1043,0
90,87,0
439,577,0
773,725,0
481,991,0
536,630,0
535,50,0
769,625,0
489,736,0
733,864,0
789,636,0
476,792,0
256,633,0
641,70,0
1080,485,0
133,202,1
575,585,1
780,489,0
1038,1064,0
614,299,0
567,667,0
452,510,0
774,995,0
477,579,0
717,812,0
1060,511,0
696,773,0
554,203,0
925,1051,1
736,890,0
562,210,0
733,568,0
28,124,0
902,936,0
400,528,0
942,864,0
675,1077,0
764,648,0
172,609,0
733,949,0
293,147,1
857,584,0
902,509,0
912,1010,0
861,987,0
425,242,0
789,302,0
710,683,0
267,344,0
749,138,0
740,839,0
141,173,0
172,355,0
83,374,0
199,60,0
547,298,0
131,174,0
532,879,1
780,485,0
388,453,0
371,1054,0
1041,1023,1
402,96,0
662,669,0
842,815,0
680,892,0
19,39,1
182,163,1
764,302,0
906,966,0
269,345,0
199,236,1
1052,951,0
775,692,0
715,760,0
3,723,0
78,630,0
511,548,0
873,886,0
741,1076,0
1059,447,1
590,886,0
1022,439,0
503,683,0
453,508,0
716,800,0
873,568,0
118,617,0
775,887,0
880,851,0
1011,528,0
594,639,0
390,514,0
965,46,0
328,460,0
297,318,0
508,559,0
962,271,0
917,1008,0
596,536,0
830,437,0
450,508,0
830,449,0
1022,485,0
614,302,0
546,949,0
544,716,1
531,912,0
256,638,0
903,1000,0
476,541,0
255,873,0
257,723,0
439,580,0
1056,72,0
902,1012,0
150,208,1
483,588,0
46,212,1
971,807,0
479,582,0
32,57,0
849,1083,0
77,108,1
838,822,0
263,198,0
903,542,0
852,819,0
91,97,0
88,49,1
829,668,0
625,717,0
948,511,0
902,584,0
905,245,0
801,127,0
961,101,0
934,1031,0
32,1075,0
165,23,0
807,653,0
279,516,0
299,353,0
853,714,0
434,366,0
10,140,0
495,588,0
799,541,0
478,291,0
257,753,0
464,577,0
570,971,0
168,948,0
547,593,1
847,1083,0
568,690,0
691,782,0
684,1077,0
352,293,1
569,666,0
27,48,0
408,758,0
495,653,0
1039,100,0
851,818,0
737,893,0
483,630,0
900,844,0
615,635,0
574,662,0
465,604,0
1009,510,0
941,475,0
979,1040,0
965,52,0
664,640,0
28,120,0
774,808,0
450,510,0
750,405,0
909,304,0
989,732,0
654,878,0
946,544,0
844,677,0
987,399,0
740,900,0
171,45,1
377,7,1
1037,831,0
748,566,0
790,627,0
328,1075,0
486,510,0
341,410,1
550,763,0
671,820,0
940,874,0
159,881,0
948,627,0
66,423,0
796,60,0
529,879,0
445,629,0
570,667,0
77,347,0
344,110,1
80,48,0
158,572,0
705,507,0
963,6,0
1015,289,0
500,563,0
614,640,0
290,394,1
983,922,0
344,171,0
849,714,0
807,538,0
370,1058,0
667,964,0
208,294,1
62,158,0
370,511,0
546,863,0
184,303,0
788,605,0
864,430,1
708,742,0
775,734,0
15,302,0
9,724,0
983,600,0
315,417,0
616,487,0
793,654,0
631,886,0
93,85,0
766,167,0
557,21,0
346,436,1
326,1004,0
696,218,0
1038,831,0
1048,236,0
850,817,0
370,791,0
504,562,0
536,844,0
444,846,0
534,632,0
802,664,0
401,482,0
516,592,0
705,581,0
718,344,0
1060,961,0
230,313,0
544,692,0
574,475,0
614,632,0
961,963,0
25,639,0
643,335,0
877,667,0
661,671,0
11,57,0
596,574,0
431,72,0
425,464,0
566,719,0
512,513,0
509,955,0
775,863,0
843,815,0
673,789,0
467,602,0
251,445,0
1055,18,0
997,844,0
622,820,0
1074,946,0
191,146,0
651,838,0
546,699,0
412,181,0
650,1083,0
20,306,0
997,653,0
955,723,0
940,1058,0
526,385,0
576,631,0
250,460,0
874,938,0
482,446,0
1011,461,0
1003,341,0
659,121,0
65,120,0
440,978,0
965,307,0
265,613,0
902,792,0
1017,575,0
650,647,0
400,460,0
558,128,0
812,711,0
1009,88,0
483,792,0
614,301,0
835,1034,0
995,941,0
647,1034,1
901,574,0
960,272,0
771,761,0
720,800,0
142,399,0
667,366,1
843,825,0
509,513,0
323,1048,0
794,821,0
285,607,0
15,300,0
987,511,0
993,246,0
900,961,0
764,300,0
346,203,0
759,616,0
844,824,0
807,654,0
611,693,0
909,551,0
687,584,0
614,300,0
64,59,0
312,503,0
684,834,0
911,1015,1
803,694,1
376,830,0
662,121,0
385,456,0
947,993,0
688,618,1
564,764,0
256,517,0
718,345,0
594,634,0
387,456,0
328,648,0
636,1064,0
443,615,0
544,831,0
292,84,0
487,736,0
247,77,0
24,42,1
458,581,0
450,579,0
185,318,1
432,84,0
670,825,0
760,501,0
961,965,0
233,435,0
665,299,0
547,595,0
582,746,0
941,609,0
482,414,0
261,64,0
483,578,0
86,210,1
670,826,0
1002,105,0
824,490,1
885,846,0
194,115,0
470,578,0
65,124,0
941,644,0
801,152,0
920,1005,0
691,783,0
95,939,0
499,563,0
368,466,0
491,653,0
653,842,1
546,734,0
190,638,0
991,953,0
736,882,0
44,848,0
328,516,0
359,72,0
243,443,0
692,787,0
789,528,0
568,646,0
342,661,0
662,435,0
947,541,0
568,719,0
755,612,0
705,804,0
906,536,0
351,155,0
1010,21,0
746,747,0
452,585,0
852,825,0
26,548,0
498,563,0
572,999,0
715,699,1
97,14,0
902,535,0
843,676,0
545,650,0
431,688,0
11,34,0
852,822,0
509,593,0
355,861,0
597,333,0
168,566,0
957,331,0
567,675,0
399,157,1
963,88,0
566,694,0
927,409,0
483,631,0
817,707,1
954,309,1
906,627,0
873,837,0
1060,419,0
503,612,0
485,973,0
925,831,0
670,818,0
853,971,1
1018,110,0
241,446,0
559,562,0
499,558,0
486,542,1
305,129,0
594,299,0
132,151,1
93,6,0
904,911,0
935,857,0
987,418,0
434,85,1
748,34,0
700,927,0
503,557,1
474,1067,0
469,580,0
675,839,0
674,882,0
462,11,1
691,788,0
464,576,1
712,320,0
522,905,0
504,560,0
989,880,0
329,461,0
446,1071,0
490,403,1
481,443,0
834,489,0
577,911,0
212,319,0
183,1085,0
1020,81,0
564,866,0
799,88,0
985,926,0
1038,849,0
544,864,0
365,110,0
1063,494,0
158,881,0
408,716,0
873,684,0
285,315,0
937,554,0
754,313,0
32,641,0
572,647,0
670,824,0
625,650,0
629,869,0
595,1012,0
566,675,0
1060,630,0
11,716,0
574,907,0
402,682,0
476,908,0
142,880,0
792,721,0
955,1057,0
825,991,0
142,1012,0
545,717,1
659,113,0
579,693,1
801,259,0
420,167,0
548,866,0
530,913,0
825,609,0
479,732,0
903,631,0
1020,480,0
296,376,1
758,92,0
87,307,0
709,834,0
923,431,0
547,664,0
427,35,0
997,542,0
299,318,0
196,1022,0
986,714,0
1014,1059,1
442,441,0
1021,489,0
556,21,0
532,192,0
997,910,0
498,562,0
191,632,0
471,568,0
342,586,0
961,98,0
737,890,0
10,177,0
1061,506,0
462,110,0
1013,15,0
629,871,0
174,182,1
483,1022,0
1070,802,0
947,961,0
848,825,1
364,152,0
717,170,0
841,662,0
1000,1012,0
570,714,0
289,348,0
553,737,0
869,859,1
1077,897,1
359,307,0
292,100,1
827,430,0
32,633,0
740,1077,0
746,752,1
639,1070,0
392,1086,0
44,740,0
529,723,0
57,155,0
336,392,1
665,138,0
930,977,0
841,905,0
444,791,0
825,654,0
946,980,0
767,805,1
489,536,0
590,567,0
665,139,0
929,987,0
499,561,0
486,606,0
669,573,0
949,653,0
769,622,1
520,727,0
962,965,1
544,760,0
933,857,0
476,574,0
617,694,0
540,591,0
734,775,0
593,615,1
1001,1017,0
528,313,0
594,626,0
713,742,0
533,461,0
804,696,1
987,846,0
365,115,0
280,606,0
1000,607,0
191,633,0
719,800,1
853,675,0
157,643,0
477,415,0
230,210,0
903,791,0
559,556,0
861,1087,0
278,47,0
674,891,0
801,64,0
514,924,0
537,642,1
290,800,0
849,719,0
905,294,0
955,835,0
386,354,0
574,736,0
486,992,0
1052,1034,0
376,1028,0
804,663,0
1008,998,1
569,694,0
619,886,0
450,980,0
576,926,0
901,535,0
722,347,0
714,321,0
747,936,0
356,860,0
534,648,0
146,633,0
486,418,0
742,218,0
363,973,0
505,612,0
780,17,0
819,1055,0
753,901,0
180,732,0
10,716,0
298,376,0
370,654,0
918,1006,0
478,450,0
705,733,1
502,589,0
427,460,1
480,1071,0
623,582,0
926,551,0
451,506,0
330,237,0
903,544,0
854,487,0
562,762,0
241,585,0
717,798,0
528,763,0
466,430,0
967,881,0
566,647,1
914,1011,0
730,845,0
611,696,0
535,138,0
986,686,0
694,888,1
728,447,0
512,548,0
476,415,0
798,259,0
152,639,0
962,88,0
894,593,0
357,853,0
266,1079,0
894,924,0
480,414,0
683,839,0
170,569,0
618,666,0
576,960,0
997,992,0
1009,127,0
11,758,0
400,517,0
931,1030,0
785,669,0
113,233,1
555,157,0
903,399,0
329,57,1
450,505,0
37,780,0
96,939,0
143,245,1
434,88,0
868,538,0
935,1087,0
771,742,0
484,609,1
175,280,0
963,89,0
348,973,0
588,229,0
617,988,0
545,699,0
566,663,0
885,475,0
636,758,0
901,846,0
946,1058,0
413,1034,0
213,144,0
37,801,0
140,871,0
345,587,0
831,513,0
726,150,1
57,205,0
687,536,0
510,924,0
509,940,0
43,346,0
797,66,0
329,35,0
730,779,1
904,936,0
124,82,1
674,834,0
576,1058,0
775,699,0
825,1058,0
700,372,0
122,146,1
609,680,0
596,619,0
274,538,0
190,50,0
850,816,0
638,882,1
631,1064,0
383,311,0
890,408,0
569,714,0
905,475,0
682,885,0
410,1003,0
563,351,0
906,245,0
708,864,0
941,627,0
284,672,0
665,1012,0
1015,543,0
462,0,0
10,717,0
95,87,1
949,152,0
681,720,0
370,418,0
257,763,0
563,709,0
653,884,0
940,587,0
608,696,0
70,952,1
53,907,0
418,80,0
882,258,0
614,516,0
919,1007,0
479,578,0
568,694,0
387,318,0
983,941,1
948,936,0
1019,20,0
226,616,0
108,502,0
940,627,0
569,696,0
531,298,0
997,573,0
1015,961,0
256,138,0
190,299,0
901,152,0
649,663,0
885,732,0
521,727,0
450,509,0
961,87,0
516,591,1
484,475,0
574,791,0
256,639,0
934,987,0
747,574,0
677,900,0
576,510,0
342,992,0
32,300,0
627,568,0
978,1049,1
942,886,0
533,1075,0
748,35,0
619,758,0
813,830,0
530,709,0
474,676,0
497,913,0
366,488,1
901,961,0
298,453,0
480,844,0
874,475,0
432,87,0
1012,244,0
1056,159,0
466,616,0
290,780,0
504,561,0
498,558,0
388,456,1
749,648,0
315,568,0
1039,84,0
268,340,0
839,815,0
103,303,0
783,726,0
351,502,0
710,651,0
370,966,0
709,893,0
459,384,0
989,907,0
435,93,0
577,960,0
345,662,0
411,712,0
947,936,0
352,52,0
851,823,0
625,760,0
1011,626,0
737,885,0
257,912,0
902,573,0
740,891,0
167,74,0
885,792,0
109,88,0
960,366,0
677,890,0
116,171,0
901,509,0
575,578,0
581,675,1
902,736,0
510,592,1
431,310,1
32,635,0
440,554,1
999,50,0
370,245,0
487,653,0
543,831,0
944,940,0
167,120,0
146,300,0
360,246,0
877,658,0
526,256,0
666,719,0
43,345,0
614,140,0
578,886,0
586,107,0
307,385,0
476,446,0
902,541,0
948,653,0
682,891,0
892,809,0
110,968,0
910,129,0
39,985,0
986,675,0
985,630,0
622,825,0
534,300,0
479,443,0
962,272,0
421,457,0
869,18,0
804,686,0
257,879,0
321,479,1
569,1083,0
200,631,0
566,695,0
685,792,0
93,84,0
825,511,0
15,138,0
684,900,1
992,953,1
1015,418,0
100,2,0
1020,172,0
665,584,0
547,594,0
855,1060,0
1040,215,0
669,582,0
145,179,0
1066,796,0
749,640,0
477,605,0
598,34,0
1022,480,0
771,568,0
1011,515,0
820,429,1
927,271,0
596,528,0
912,1016,1
370,536,0
901,736,0
520,245,0
508,563,0
574,1058,0
459,482,1
825,245,0
434,97,0
342,399,0
1018,81,0
484,644,0
180,399,0
417,275,0
578,837,0
673,788,0
467,603,1
860,990,0
325,597,0
788,732,0
858,683,0
742,251,0
966,1005,0
834,115,0
987,507,0
71,109,1
574,419,0
270,1079,0
99,977,0
1039,87,0
844,816,0
292,86,0
958,2,0
386,219,0
96,83,0
966,1004,0
1001,736,0
370,631,0
523,940,0
142,606,0
736,892,0
805,1049,0
722,811,0
873,942,0
581,719,0
784,304,0
489,994,0
900,653,0
508,612,1
555,287,0
664,301,0
239,365,1
60,46,1
1022,81,0
649,695,0
674,890,0
614,1075,0
167,160,0
858,557,0
10,639,0
596,173,0
993,249,0
353,502,0
101,135,1
1062,1010,0
905,727,0
596,588,0
95,85,0
57,203,0
164,159,0
484,905,0
687,630,0
60,308,0
949,509,0
857,936,0
877,719,0
779,661,0
486,1000,0
913,1005,0
284,265,0
962,86,0
60,59,0
837,449,0
858,558,0
535,626,0
280,639,0
993,260,0
142,632,0
627,473,0
825,538,0
461,876,1
359,120,0
342,541,0
130,145,0
306,386,0
995,940,0
432,964,0
834,81,0
32,21,0
567,647,0
328,301,0
411,1066,0
577,152,0
118,618,0
1000,634,0
342,732,0
941,419,0
988,1022,1
597,291,0
672,908,0
476,846,0
533,300,0
835,1033,0
458,510,0
60,74,0
185,917,0
359,308,1
1020,110,0
210,876,0
913,1007,0
388,318,0
911,1007,0
363,551,0
804,675,0
534,633,0
470,577,0
1011,301,0
1060,905,0
446,880,0
1051,593,0
925,462,0
241,80,0
700,830,0
594,517,0
915,1068,0
657,1075,0
254,142,0
879,1021,0
200,653,0
405,552,1
484,419,0
1003,4,0
544,734,0
280,632,0
543,864,0
13,197,1
906,294,0
593,247,0
956,745,0
613,240,0
109,939,0
265,1053,0
996,572,0
834,439,0
885,443,0
890,304,0
970,402,0
717,780,1
533,34,0
879,889,0
636,886,0
1060,874,0
902,510,0
327,984,0
992,954,0
57,243,0
510,922,0
656,730,0
191,634,0
439,441,0
737,839,0
288,91,0
427,44,0
327,845,0
997,961,0
633,1024,1
60,307,0
190,633,0
171,131,0
662,621,1
225,80,0
715,949,0
522,245,0
547,546,0
593,415,0
660,621,0
1023,17,0
27,46,0
896,457,0
906,586,0
359,46,0
680,889,0
576,654,0
41,170,0
901,418,0
825,630,0
907,622,0
774,725,0
656,1063,0
596,948,0
932,125,0
965,158,0
505,562,0
718,347,0
104,671,0
383,1027,1
500,843,0
879,900,0
885,880,0
719,799,0
172,246,0
576,542,0
929,18,0
399,42,0
329,759,0
690,251,0
931,1032,0
690,784,0
1038,650,0
615,140,0
614,461,0
630,473,0
804,691,0
998,1013,1
607,1057,0
329,34,0
466,585,0
837,333,1
685,586,0
981,1067,1
885,588,0
767,719,0
328,641,0
789,515,0
901,661,0
785,113,0
95,366,0
630,650,0
533,141,0
495,846,0
664,516,0
784,408,0
905,582,0
40,54,1
284,121,1
162,111,1
658,435,0
508,843,0
664,635,0
1060,992,0
661,265,0
709,840,0
618,680,0
644,641,0
1010,566,0
476,605,0
533,517,0
1074,625,0
867,1009,0
903,991,0
491,574,0
1008,851,0
1019,480,0
660,672,0
374,331,1
482,844,0
756,137,0
110,100,0
398,135,0
749,141,0
764,626,0
370,629,0
594,638,0
1060,605,0
960,84,0
808,60,1
455,507,0
736,983,0
830,450,0
561,887,0
847,680,0
491,586,0
677,840,0
481,577,0
900,588,0
788,629,0
96,963,0
172,260,1
930,20,0
344,81,0
32,516,0
839,822,0
476,911,0
834,273,0
679,679,0
179,395,0
27,47,1
548,298,0
476,736,0
850,823,0
94,255,0
54,259,0
313,739,1
152,335,0
974,976,0
14,299,0
879,834,0
775,849,0
789,301,0
482,541,0
483,791,0
671,677,0
775,761,0
901,1058,0
940,588,0
782,726,1
903,653,0
266,346,0
534,461,0
771,887,0
196,117,1
683,840,0
595,619,0
900,732,0
798,566,0
615,632,0
956,428,1
531,753,0
476,630,0
342,475,0
370,258,0
454,519,0
577,1058,0
159,239,1
946,629,0
263,492,1
779,249,0
400,299,0
848,677,0
839,816,0
19,63,0
477,792,0
509,762,0
279,302,0
212,876,0
370,584,0
399,158,0
822,718,1
857,619,0
915,1004,0
486,994,0
104,628,0
534,140,0
530,665,0
682,900,0
267,108,0
808,64,0
661,121,0
722,344,0
883,399,0
631,760,0
563,764,0
333,335,0
920,1068,0
539,932,0
789,517,1
638,885,0
877,988,1
715,568,0
20,63,0
520,935,0
618,663,0
1011,634,0
533,619,0
1014,980,0
625,1064,0
62,297,0
685,415,0
816,703,1
457,507,0
850,822,0
270,340,0
559,561,0
901,511,0
737,900,0
379,1038,1
682,882,0
901,631,0
660,121,0
450,506,1
779,358,0
116,25,1
477,511,0
504,557,0
93,88,0
804,646,0
12,195,0
94,86,0
883,607,0
164,297,0
765,492,0
997,418,0
665,335,0
292,97,0
911,1006,0
153,80,0
271,424,0
1069,518,1
177,395,0
455,510,0
512,593,0
385,455,0
949,654,0
962,366,0
577,844,0
479,631,0
495,792,0
481,926,0
515,549,1
590,1064,0
416,209,0
793,541,0
478,519,0
610,888,0
902,399,0
554,205,0
962,963,0
1011,641,0
66,316,1
345,419,1
1031,288,0
480,443,0
250,634,0
13,207,0
771,734,0
520,537,0
644,639,0
11,139,0
807,662,0
445,844,0
368,242,0
662,671,0
596,606,0
71,349,0
768,52,0
233,265,0
635,719,0
594,636,0
631,734,0
53,909,0
292,964,0
260,621,0
495,654,0
9,636,0
152,140,0
8,380,0
400,637,0
570,686,0
747,587,0
176,297,0
841,1058,0
293,35,0
420,324,0
771,864,0
631,761,0
912,1005,0
764,140,0
903,736,0
611,1083,0
858,843,0
96,89,0
359,159,0
77,345,0
775,949,0
84,148,1
915,1006,0
250,138,0
901,791,0
72,77,0
332,389,1
758,71,0
455,250,0
523,601,0
961,540,0
789,140,0
413,568,0
900,577,0
1045,96,0
768,447,0
451,509,0
504,683,0
187,315,1
402,678,0
906,588,0
913,1008,0
984,1039,1
794,676,0
562,753,0
482,629,0
768,59,0
940,662,0
534,517,0
575,446,0
576,991,0
594,138,0
741,891,0
489,544,0
115,71,0
180,629,0
660,669,0
615,636,1
399,46,0
755,878,0
944,953,0
581,686,0
350,792,0
987,880,0
904,574,0
256,634,0
962,964,0
807,475,0
850,825,0
524,1043,0
540,941,0
958,4,0
1060,1058,0
865,727,0
15,56,1
1039,99,0
657,34,0
26,596,0
442,979,0
110,89,0
452,979,0
329,758,0
963,87,0
944,941,0
433,6,0
569,690,0
795,820,0
888,554,0
580,663,0
1037,761,0
453,441,0
433,255,0
879,839,0
592,744,0
575,579,0
142,648,0
71,345,0
570,988,0
650,988,0
948,543,0
902,880,0
932,977,0
986,667,0
495,584,0
289,178,0
1017,1043,1
500,559,0
927,974,1
1051,879,0
43,178,1
937,580,0
32,138,0
747,727,1
897,625,0
201,183,0
462,10,0
370,627,0
486,993,0
180,627,0
572,719,0
198,100,0
190,626,0
775,864,0
500,610,0
1010,528,0
615,626,0
487,574,0
843,814,0
522,536,0
190,640,0
481,793,0
476,573,0
900,446,0
427,177,0
1037,887,0
739,169,0
901,510,0
997,1058,0
306,118,1
644,301,0
658,496,0
128,28,1
372,619,0
220,1085,0
293,335,0
625,949,0
705,648,0
961,83,0
142,516,0
764,517,0
758,158,0
328,461,0
533,633,0
705,980,0
235,773,0
100,91,0
99,1031,0
505,563,0
754,201,0
505,878,0
62,124,0
1009,89,0
577,543,0
755,563,0
497,1057,0
868,627,0
146,641,0
431,46,0
885,586,0
511,762,0
749,140,0
427,724,0
804,695,0
342,419,0
43,344,0
1020,439,0
893,906,1
868,727,0
93,89,0
163,235,1
941,966,0
405,628,0
280,516,0
985,528,0
793,235,0
432,97,0
31,197,0
857,629,0
495,586,0
230,913,0
937,579,0
483,607,0
9,883,0
24,90,0
80,75,1
443,616,0
138,145,0
615,516,0
964,100,0
532,298,0
841,511,0
770,624,0
509,709,0
177,275,0
890,973,0
946,627,0
927,272,0
902,152,0
966,1008,0
528,913,0
757,610,0
955,286,0
257,762,0
353,148,0
618,696,0
547,548,0
962,255,0
877,694,0
702,772,0
81,659,0
55,488,0
950,745,0
431,158,0
902,791,0
757,561,0
949,544,0
344,115,0
987,926,0
986,663,0
711,788,0
982,1052,1
406,504,0
784,810,1
443,427,0
473,568,0
420,457,0
691,785,0
842,819,1
158,239,0
142,294,0
1015,506,0
183,860,0
807,627,0
540,546,0
368,465,0
940,574,0
964,974,0
940,510,0
644,300,0
273,963,0
300,772,0
902,926,0
903,846,0
658,671,0
2,33,1
109,97,0
866,938,1
963,100,0
1055,857,0
901,544,0
733,758,0
903,511,0
950,500,1
630,716,0
484,936,0
484,874,0
473,711,0
175,183,1
761,922,0
770,947,0
540,923,0
793,963,0
251,446,0
625,796,0
875,989,0
667,965,0
573,53,0
885,907,0
1011,639,0
971,957,1
480,653,0
438,751,0
900,582,0
940,961,0
483,619,0
348,934,0
521,538,0
927,968,0
516,925,0
636,567,0
865,535,0
482,588,0
666,714,0
400,138,0
615,1075,0
631,717,0
550,709,0
48,257,0
97,38,1
849,694,0
352,72,0
1043,69,0
847,719,0
32,883,0
802,546,0
1021,480,0
260,113,0
902,542,0
1058,997,1
125,972,0
854,486,0
825,507,0
901,880,0
596,586,0
945,955,1
533,515,0
677,1021,0
103,209,0
378,923,0
996,1039,0
894,548,0
932,1029,0
274,162,0
807,732,0
370,605,0
606,524,1
748,648,1
65,158,0
577,992,0
1015,542,0
665,636,0
694,902,0
580,1083,0
636,949,0
973,526,0
560,589,1
479,630,0
471,476,0
930,859,0
345,966,0
1038,760,0
266,340,1
979,1039,0
622,821,0
480,573,0
520,936,0
97,3,0
544,949,0
701,981,0
586,106,0
574,631,0
487,732,0
765,1044,0
241,247,0
510,550,0
900,459,0
656,809,1
500,557,0
1044,694,0
297,317,0
785,671,0
1009,509,0
60,48,0
903,509,0
902,653,0
885,926,0
603,1084,1
348,238,0
188,869,1
276,1048,0
640,708,1
962,540,0
946,541,0
777,626,0
253,415,0
967,913,0
734,1085,0
795,677,0
102,539,0
168,245,0
946,418,0
987,574,0
789,141,0
560,1043,0
803,646,0
115,159,0
452,980,0
1047,59,0
574,418,0
220,845,0
519,475,0
248,181,0
612,585,0
658,121,0
846,815,0
365,11,0
844,821,0
445,543,0
979,881,0
142,792,0
577,994,0
485,540,0
545,567,0
574,792,0
903,418,0
728,159,0
913,1016,0
895,624,0
979,239,0
531,665,0
437,750,1
496,558,0
203,167,1
503,562,0
580,686,0
495,936,0
580,675,0
11,140,0
526,389,0
758,160,0
712,785,0
705,510,0
1025,9,0
1060,542,0
131,606,0
840,823,0
290,170,0
951,856,0
407,24,1
655,388,0
545,863,0
869,857,0
900,654,0
224,262,0
1022,489,1
657,302,0
888,979,1
247,321,0
388,251,0
53,1022,0
669,587,0
1022,11,0
804,649,0
674,1076,0
705,578,0
420,204,0
355,860,1
1017,1041,0
513,546,0
35,643,0
1056,158,0
541,737,0
807,584,0
916,1004,0
184,295,0
295,81,0
516,941,0
495,793,0
652,838,1
528,982,0
883,606,0
297,376,0
1074,169,0
995,1019,1
764,528,0
711,785,0
825,936,0
245,499,0
1037,650,0
28,46,0
480,846,0
444,732,0
566,680,0
940,418,0
660,670,0
1004,671,0
788,733,0
483,654,0
475,1045,1
618,690,0
540,513,0
510,940,0
805,130,0
515,547,0
350,631,0
825,294,0
201,700,0
615,301,0
529,866,0
64,73,0
532,709,0
1010,250,0
12,58,1
709,983,0
953,187,0
43,108,0
381,482,0
391,262,1
931,18,0
510,600,0
807,442,1
692,783,0
351,356,0
279,626,0
192,451,0
545,759,0
576,511,0
534,515,1
842,527,0
9,335,0
534,635,0
964,304,0
845,816,0
711,786,0
164,72,0
736,1077,0
837,833,0
685,459,0
451,585,0
1039,934,0
987,793,0
572,675,0
95,84,0
570,695,0
861,859,0
768,90,0
618,694,0
440,577,0
323,401,0
488,228,0
445,846,0
84,193,0
713,761,0
865,294,0
1055,20,0
190,177,0
875,886,0
345,152,0
597,1054,0
478,449,0
348,100,0
554,145,0
1015,505,0
481,1071,0
1018,11,0
881,889,0
453,427,0
10,759,0
289,345,1
932,20,0
1038,949,0
178,295,0
866,294,0
580,680,1
574,966,0
476,732,0
577,926,0
491,992,0
789,138,0
1015,960,0
858,560,0
628,473,1
900,511,0
960,965,0
900,926,0
685,791,0
496,843,0
717,799,0
244,312,0
481,1022,0
876,112,0
32,640,0
531,313,0
415,482,0
110,83,0
674,839,0
639,331,0
185,424,0
896,169,0
102,275,0
896,625,0
850,818,0
847,714,0
479,991,0
110,255,0
874,905,0
3,195,1
109,85,0
371,449,0
685,627,0
251,616,0
510,953,0
434,964,0
738,572,0
785,435,1
581,663,0
847,988,0
511,593,0
190,140,0
965,308,0
793,152,0
795,826,0
774,807,1
1015,653,0
636,887,0
476,629,0
32,634,0
979,835,0
665,640,1
91,272,0
439,554,0
988,907,0
443,585,0
670,819,0
789,634,0
669,588,1
1003,13,0
556,596,0
400,724,0
499,562,0
616,486,1
510,665,0
289,1079,0
115,72,0
342,152,0
533,584,0
491,905,0
935,125,0
1031,289,0
1060,991,0
541,924,0
644,634,0
299,453,0
454,449,1
994,258,0
533,641,0
683,1076,0
619,759,0
198,89,1
510,941,0
945,954,0
846,527,0
671,823,0
926,408,0
1019,18,0
1021,115,1
476,926,0
253,446,0
480,619,0
441,493,1
900,586,0
293,57,0
535,179,0
1007,453,0
53,304,0
873,730,0
482,991,0
148,260,0
574,926,0
466,577,1
100,24,0
439,576,0
371,833,0
857,880,0
108,205,0
489,627,0
925,949,0
191,57,0
286,323,1
152,724,0
329,177,0
90,271,0
187,277,0
141,948,1
901,475,0
683,983,0
716,798,0
1070,383,1
65,569,0
230,762,0
679,685,0
364,328,0
905,874,0
168,61,0
32,632,0
953,745,1
652,901,0
142,258,0
256,141,0
457,980,0
942,863,0
1043,1088,1
249,521,0
1001,418,0
487,630,0
276,305,1
940,419,0
733,1064,0
794,823,0
32,597,0
744,899,1
559,560,0
432,232,0
138,433,0
400,1012,0
908,941,0
447,160,0
530,192,0
480,880,0
8,37,1
625,759,0
811,903,0
725,590,0
909,272,0
932,1030,1
962,85,0
1031,518,0
93,87,0
345,654,0
657,648,0
715,761,0
841,961,0
496,562,0
686,673,0
444,1000,0
677,885,0
280,528,0
491,511,0
933,1029,0
963,84,0
146,638,0
190,1075,0
538,311,0
581,1083,1
838,815,0
687,926,0
557,737,0
705,577,0
431,297,0
476,579,0
217,145,0
874,935,1
666,667,0
787,143,1
119,158,0
270,178,0
445,631,0
715,742,0
442,580,1
191,641,0
306,389,0
711,784,0
96,255,0
576,992,0
350,415,0
62,59,1
108,433,0
1022,371,0
167,71,0
444,792,0
495,573,0
636,831,0
795,825,0
482,653,0
812,416,0
1053,536,0
559,559,0
391,261,0
456,507,0
191,299,0
713,864,0
465,602,1
568,663,0
279,301,1
298,917,0
370,582,0
120,176,0
688,616,0
946,653,0
509,941,0
524,553,0
680,891,0
978,963,0
387,453,0
481,732,0
545,758,0
432,965,0
108,145,0
763,331,0
705,505,0
427,639,0
941,588,0
496,563,1
582,651,0
154,63,0
342,874,0
650,719,0
397,449,0
838,817,0
479,584,0
590,758,0
427,299,0
955,351,0
829,660,0
866,536,0
790,605,1
1007,917,0
482,459,0
813,381,0
1060,654,0
566,667,0
569,675,0
999,634,0
593,414,0
73,1085,0
136,234,0
191,626,0
928,601,0
170,74,0
1001,653,0
572,714,0
909,934,0
361,477,1
1037,716,0
548,593,0
940,541,0
328,528,0
584,651,1
435,26,0
16,494,0
279,632,0
11,147,0
250,299,0
1038,742,0
997,1000,0
1011,302,0
657,460,0
969,1044,1
609,698,1
1030,1054,1
191,139,0
1047,160,0
127,27,1
494,530,1
1057,14,0
344,480,0
831,737,0
32,639,0
470,978,0
868,584,0
566,658,0
629,873,1
1080,11,0
580,667,0
733,887,1
643,299,0
946,584,0
657,634,0
475,213,0
978,399,0
477,926,0
674,1077,0
654,563,0
940,654,0
464,581,0
477,607,0
540,664,0
190,461,0
770,622,0
628,292,0
828,950,1
904,644,0
112,68,0
804,988,0
849,686,0
991,923,0
899,625,0
883,844,0
901,727,0
858,563,0
443,576,0
95,97,0
902,574,0
191,44,0
949,736,0
961,86,0
793,445,0
202,256,1
554,436,0
992,955,0
864,504,0
253,573,0
667,83,0
177,209,0
480,587,0
96,87,0
485,100,0
392,540,0
561,760,1
528,351,0
1056,71,0
1053,537,0
789,637,0
42,780,0
196,907,0
1020,813,1
433,963,0
14,302,0
509,664,0
480,926,0
344,17,0
148,358,0
520,535,0
489,880,0
293,34,0
577,736,0
650,663,0
771,692,0
942,760,0
64,307,0
885,844,0
87,297,0
901,844,0
1009,583,1
414,741,1
370,475,1
516,923,0
495,511,0
964,551,0
979,1057,1
825,475,0
675,1076,0
93,98,0
964,409,0
249,320,0
509,192,0
462,484,0
94,98,1
510,954,0
529,762,1
895,946,0
545,742,0
918,1004,0
279,638,0
365,489,0
1023,115,0
482,792,0
364,294,0
386,424,0
840,821,0
280,607,0
198,98,0
476,459,0
427,632,0
522,727,0
891,469,0
931,1029,0
172,358,0
617,971,0
444,844,0
677,882,0
594,516,1
479,415,0
764,515,0
502,1043,0
51,215,0
503,561,0
429,226,1
1055,987,0
95,83,0
334,147,0
62,120,0
225,446,0
325,564,1
102,209,1
546,462,0
225,585,0
955,881,0
655,504,1
399,52,0
627,471,0
901,605,0
509,546,0
636,734,1
584,698,0
712,782,0
902,544,0
964,939,0
812,797,0
738,1056,0
767,698,0
48,729,0
825,574,0
949,607,0
725,687,1
837,450,0
757,955,0
342,653,0
543,717,0
758,72,0
528,866,0
450,441,0
482,992,0
512,664,0
66,317,0
175,700,0
966,1068,1
1055,1030,0
714,788,1
609,660,0
127,28,0
675,885,0
342,627,0
638,893,0
722,799,0
1080,115,0
1072,623,1
78,792,0
427,56,0
486,991,0
894,546,0
737,892,0
959,1028,0
486,541,0
103,457,0
453,980,0
184,209,0
710,1020,0
32,177,0
825,653,0
559,563,0
961,88,0
325,596,0
715,758,0
453,507,0
830,519,1
897,624,0
741,900,0
811,904,1
367,467,0
900,541,0
503,558,0
902,630,0
363,408,0
912,1008,0
864,487,0
470,441,0
591,698,0
1031,1054,0
439,506,0
1061,978,0
32,648,0
509,866,0
594,141,0
477,629,0
576,509,0
577,631,0
6,213,1
370,507,0
306,237,0
476,880,0
906,936,0
844,827,0
476,961,0
44,313,0
999,300,0
940,991,0
142,846,0
337,700,1
230,866,0
32,56,0
444,793,0
576,606,0
900,414,0
912,1004,0
100,341,0
149,270,1
459,464,0
177,457,1
176,688,0
650,694,0
329,50,0
428,924,0
1039,272,0
96,6,0
480,606,0
514,925,0
718,780,0
28,72,0
389,364,0
963,963,0
446,574,0
128,286,0
645,902,0
796,236,0
739,622,0
850,821,0
789,640,0
1080,17,1
1074,622,0
791,292,1
825,732,0
575,581,0
252,913,0
917,1007,1
852,815,0
917,1006,0
1038,864,0
194,485,0
191,639,0
885,1022,0
689,784,0
100,26,1
361,478,0
351,193,0
514,737,0
561,864,0
962,232,0
489,1058,0
518,404,1
500,558,0
1044,675,0
399,447,0
671,815,0
353,205,0
875,568,0
545,716,0
540,590,1
198,965,0
416,164,1
109,83,0
775,886,0
479,629,0
480,577,0
853,719,0
426,46,0
902,991,0
857,607,0
51,354,1
1080,480,0
900,574,1
481,541,0
840,816,0
636,650,0
666,971,0
432,255,0
1037,692,0
903,960,0
858,878,0
540,593,0
501,559,0
51,316,0
1001,541,0
183,281,1
794,814,0
713,567,0
713,758,0
41,812,0
550,665,0
199,64,0
581,697,0
999,640,0
1004,121,0
818,804,1
960,85,0
922,1006,0
444,631,0
877,1083,0
233,1054,0
841,661,0
591,805,0
260,670,0
181,584,0
32,35,0
577,654,1
955,982,0
495,844,0
115,59,0
869,858,0
566,697,0
469,578,1
933,125,0
625,699,0
718,812,0
462,489,0
428,513,1
550,21,0
832,615,0
54,236,0
344,172,0
581,971,0
483,586,0
840,527,0
865,574,0
427,461,0
570,1083,0
184,275,1
874,910,0
160,2,0
74,870,1
762,68,0
673,251,0
507,611,0
903,1058,0
681,930,1
795,824,0
615,461,0
752,901,1
779,662,0
250,140,0
894,591,0
427,633,0
250,141,0
470,615,0
834,11,0
1044,667,0
999,632,0
940,653,0
142,175,0
432,939,0
534,301,0
994,880,0
495,459,0
110,963,0
119,71,0
139,919,1
645,888,0
473,650,0
803,696,0
784,973,0
973,402,0
487,629,0
817,37,0
1001,967,0
144,278,1
619,831,0
687,459,0
844,820,0
937,581,0
670,527,0
290,348,0
854,430,0
613,729,1
682,892,1
276,339,0
1011,1075,0
999,138,0
900,415,0
803,667,0
1001,991,0
99,20,0
850,826,1
142,574,0
427,641,0
591,690,1
935,1031,0
546,742,0
838,825,0
890,974,0
848,817,0
109,98,0
533,637,0
767,744,0
609,695,0
708,734,0
550,593,0
708,761,0
572,694,0
594,1075,0
510,955,0
685,587,0
860,1087,0
955,709,0
472,673,0
104,435,0
839,824,1
591,719,0
566,666,0
482,846,0
266,178,0
352,158,0
621,737,0
977,96,0
445,910,0
719,812,0
550,664,0
942,949,1
643,636,0
495,578,0
994,336,0
808,127,0
987,980,0
332,237,0
994,732,0
764,141,0
615,640,0
431,71,0
805,399,0
987,653,0
710,660,0
191,301,0
169,235,0
677,891,0
280,300,0
523,954,0
427,146,0
955,194,0
462,273,0
334,179,0
599,545,1
572,695,0
804,690,0
692,785,0
1044,999,0
477,542,0
853,686,0
684,1021,0
231,185,0
196,908,0
448,909,0
793,1049,0
946,874,0
885,630,0
388,917,0
348,409,0
486,544,0
19,569,0
997,991,0
1015,541,0
710,746,1
244,328,1
483,414,0
251,247,0
850,827,0
35,199,1
521,537,0
664,641,0
728,92,1
686,711,0
146,516,0
686,837,1
863,388,0
1011,299,0
959,1070,0
252,723,0
481,574,0
487,994,0
49,225,0
572,646,0
1076,367,0
1031,333,0
456,980,0
628,471,0
1038,863,0
400,392,0
807,1049,0
889,579,0
611,675,0
741,834,0
439,581,0
665,461,0
680,1076,0
106,4,0
312,487,0
126,29,1
850,815,0
647,855,0
930,125,0
482,606,0
57,107,0
30,47,0
1014,250,0
720,798,0
785,496,0
594,1012,0
656,886,0
683,882,0
949,511,0
1060,587,0
948,994,0
1022,342,0
174,279,0
452,509,0
491,936,0
509,592,0
1050,332,1
131,584,0
902,418,0
903,541,0
930,1032,0
479,586,0
905,538,0
542,1074,0
946,542,0
862,1051,0
632,565,1
901,980,0
487,542,0
448,907,0
152,301,0
900,573,0
198,83,0
292,6,0
180,511,0
342,574,0
353,122,0
470,427,0
602,1020,1
329,640,0
305,398,1
460,575,1
854,503,0
716,801,0
453,583,0
238,604,0
675,834,1
570,694,0
91,271,0
840,818,0
261,192,0
359,297,0
370,587,0
460,512,0
749,392,0
246,499,0
491,654,0
994,574,0
476,1071,0
142,791,0
525,548,0
32,636,0
376,331,0
363,974,0
593,235,0
33,198,1
779,246,0
572,658,1
78,445,0
562,764,1
292,965,0
644,724,0
1009,236,0
288,13,0
570,649,1
547,879,0
427,637,0
944,954,1
948,736,0
433,88,0
658,672,0
514,546,0
1039,968,0
273,88,0
243,328,0
110,86,0
259,121,0
160,13,0
1069,437,0
904,511,0
982,1037,0
481,907,0
876,931,1
164,59,0
907,625,0
181,134,1
142,511,0
577,418,0
941,1018,1
328,392,0
402,400,1
348,540,0
561,699,0
181,132,0
539,662,0
561,567,0
643,516,0
877,663,0
829,691,0
740,1076,0
1023,81,0
778,255,0
719,780,0
280,640,0
682,893,0
493,529,1
804,666,0
811,797,0
840,676,0
993,105,1
535,140,0
830,289,0
356,861,1
669,846,0
1014,661,0
715,887,0
378,896,0
442,579,0
1052,1074,1
709,885,0
581,988,0
554,433,0
478,1054,0
274,535,0
666,694,0
477,653,0
532,595,0
256,626,0
905,644,0
625,887,0
413,855,0
741,882,0
933,20,0
623,586,1
330,256,0
777,634,0
1030,450,0
562,351,0
635,675,0
442,578,0
298,316,0
365,273,1
563,763,0
793,991,0
971,835,0
545,734,0
842,822,0
261,61,0
893,292,0
695,744,1
912,1002,0
153,445,0
661,435,0
940,399,0
807,629,0
247,320,0
57,145,0
264,390,0
900,948,0
208,245,0
597,449,0
308,178,0
360,355,0
999,639,0
906,511,0
9,57,0
608,1083,0
841,418,0
574,574,0
132,150,0
925,761,0
531,664,0
752,884,0
44,210,0
808,259,0
889,554,0
342,936,0
114,471,0
657,516,0
684,1076,0
799,736,0
385,424,0
865,584,0
484,966,0
293,716,0
685,573,0
1011,516,0
858,611,0
550,597,0
370,630,0
644,632,0
400,584,0
890,551,0
446,631,0
279,607,0
99,990,0
677,1076,0
846,814,0
257,982,0
88,616,0
639,381,1
999,636,0
255,868,0
563,866,0
328,639,0
535,1075,0
987,791,0
572,988,0
427,21,0
739,946,0
715,692,0
0,53,1
262,216,1
139,871,0
747,245,0
310,401,1
469,616,0
793,790,0
318,712,1
416,539,0
889,508,0
902,732,0
795,821,1
491,1012,0
331,237,0
825,584,0
902,980,0
906,662,0
30,43,0
654,612,0
640,37,0
987,1000,0
863,5,0
245,215,1
846,818,0
378,533,1
865,538,0
564,313,0
816,37,0
229,877,0
659,671,0
512,550,1
949,991,0
253,732,0
708,717,0
965,160,0
946,631,0
529,763,0
594,640,0
628,568,0
382,571,1
865,936,0
964,272,0
997,654,0
197,145,0
941,874,0
711,783,0
788,1012,0
754,570,0
142,732,0
329,883,0
900,880,0
590,716,0
687,582,0
476,414,0
670,676,0
941,662,0
879,840,0
567,719,0
772,797,1
486,152,0
191,21,0
115,158,0
576,1000,0
959,331,0
411,645,1
342,1012,0
851,819,0
375,346,0
697,218,0
757,562,0
217,433,0
764,301,0
265,364,1
784,968,0
672,117,0
841,991,0
482,578,0
674,983,1
757,843,0
531,879,0
106,341,0
807,544,0
663,255,1
228,321,0
62,74,0
293,758,0
470,23,0
51,317,0
546,760,0
376,927,0
841,629,0
86,62,0
836,855,1
997,736,0
938,566,1
631,864,1
830,333,0
349,1046,1
705,528,0
444,573,0
845,827,0
535,641,0
269,348,0
157,207,0
1039,964,0
585,451,1
659,435,0
687,792,0
574,399,0
764,633,0
531,210,0
650,666,0
122,137,1
983,940,0
423,749,1
839,823,0
900,907,0
252,194,0
900,536,0
105,477,0
142,443,0
547,513,0
996,1057,0
170,688,0
68,222,1
977,526,0
501,560,0
250,633,0
843,827,0
713,949,0
996,913,0
997,846,0
906,587,0
250,515,0
62,569,0
453,580,0
845,817,0
190,147,0
710,666,0
545,886,0
638,889,0
280,634,0
708,760,0
280,301,0
499,683,0
670,815,0
688,1038,0
994,644,0
714,325,0
618,649,0
619,699,0
443,505,0
784,540,0
529,313,0
851,814,0
42,801,0
487,511,0
901,630,0
440,508,0
437,751,0
712,783,0
685,1012,0
657,50,0
667,86,0
282,359,0
45,871,0
96,964,0
805,470,1
535,21,0
484,588,0
654,556,0
510,546,0
135,433,0
487,991,0
435,91,0
685,629,0
651,901,0
874,399,0
653,901,0
775,567,0
999,635,0
1038,567,0
934,1030,0
580,693,0
754,351,0
535,34,0
825,619,0
488,494,1
567,686,0
434,83,0
561,796,0
749,460,0
1007,424,0
1007,353,0
860,18,0
527,738,1
270,348,0
256,300,1
576,605,0
544,863,0
674,892,0
617,697,1
108,436,0
952,187,0
305,401,0
848,816,0
415,389,0
131,1012,0
365,81,0
421,275,0
589,229,0
535,635,0
948,993,1
256,724,0
857,732,0
559,558,0
259,220,1
758,52,0
586,145,0
196,126,0
727,659,1
559,611,0
963,98,0
3,351,0
665,140,0
251,80,0
190,335,0
546,864,0
279,641,0
345,1058,0
834,485,0
947,960,0
997,541,0
906,732,0
387,455,0
331,385,0
928,954,0
36,228,1
480,732,0
1018,489,0
568,666,1
630,568,1
250,517,0
755,562,0
292,255,0
342,991,0
477,631,0
994,584,0
984,1040,0
635,667,0
1003,91,0
253,584,0
198,21,0
687,1012,0
686,684,0
509,665,1
834,813,0
795,815,0
1080,273,0
359,158,0
914,1004,1
60,160,0
858,559,0
664,1012,0
498,559,0
577,630,0
530,593,0
679,930,0
14,460,0
434,21,0
885,791,0
1039,232,0
714,319,0
480,578,0
664,392,0
119,659,0
717,811,0
959,830,0
375,344,0
789,139,0
572,663,0
314,416,0
1,43,0
1016,1080,0
476,582,0
946,732,0
664,584,0
1061,505,0
363,934,0
1019,489,0
1006,1091,1
1060,980,0
110,97,0
1023,110,0
64,569,0
567,1083,0
709,882,0
289,347,0
436,751,0
771,759,0
779,105,0
142,948,0
749,637,0
440,505,0
95,6,0
913,1004,0
844,818,1
469,581,0
835,849,0
399,92,0
825,911,0
961,964,1
400,335,0
486,605,0
1039,255,0
727,257,0
528,192,0
975,976,1
539,419,0
636,699,0
894,664,0
562,982,0
595,844,0
316,797,0
719,348,0
48,63,1
582,667,0
113,228,0
440,506,0
148,355,0
419,204,0
1019,17,0
714,789,0
802,192,0
1053,357,1
963,934,0
595,911,0
484,537,0
825,173,0
687,627,0
53,126,1
874,537,0
683,889,0
146,515,0
940,584,0
962,99,0
293,179,0
622,822,0
803,1083,0
888,508,0
544,758,0
1044,658,0
1001,1058,1
749,635,0
1016,976,0
935,1030,0
212,320,0
269,109,0
410,645,1
638,839,0
875,1061,1
191,461,0
522,535,0
442,581,0
501,556,0
214,14,0
550,594,1
963,85,0
675,900,0
579,719,0
941,1058,0
904,336,0
476,631,1
161,237,1
458,980,0
270,347,0
41,780,0
489,653,0
477,578,0
851,816,1
535,139,0
563,913,0
19,306,0
845,820,0
799,991,0
947,543,0
737,834,0
224,261,0
432,100,0
667,255,0
949,961,0
800,655,0
94,88,0
788,536,0
427,1075,0
96,965,0
444,960,0
865,475,0
696,772,0
230,763,0
789,1075,0
390,392,0
141,566,0
434,84,0
926,409,0
735,776,0
617,680,0
328,299,1
445,415,0
491,541,0
458,554,0
495,627,0
644,636,0
1044,646,0
84,205,0
498,556,1
226,445,0
765,1047,1
567,657,1
481,588,0
434,98,0
636,568,0
424,191,0
531,351,0
811,684,0
868,732,0
563,210,0
90,939,0
546,759,1
146,634,0
561,692,0
268,108,0
931,858,0
740,983,0
451,979,0
924,742,0
228,325,0
296,353,0
123,372,1
41,811,1
284,669,0
486,543,0
799,418,0
797,259,1
1011,636,0
400,648,0
932,990,0
552,596,0
582,660,0
87,308,0
154,729,0
466,581,0
434,6,0
536,305,0
489,584,0
669,880,0
540,601,0
533,50,0
690,789,0
228,877,0
789,639,0
618,695,0
503,878,0
491,732,0
434,965,0
369,464,1
986,680,0
444,605,0
609,663,0
462,17,0
200,732,0
640,429,0
1022,17,0
1055,125,0
665,392,0
902,511,0
646,855,0
803,686,0
548,709,0
509,595,0
688,45,0
546,831,0
40,721,0
1044,1083,0
142,634,0
941,587,0
444,911,0
985,607,1
749,528,0
244,443,0
135,205,0
804,694,0
545,462,0
999,35,0
932,858,0
535,177,0
364,583,0
180,574,0
443,581,1
367,256,0
272,868,0
894,550,0
78,247,0
842,676,0
620,686,0
231,253,1
675,889,0
728,71,0
199,66,0
1055,1031,0
458,509,0
655,430,0
978,470,0
37,347,0
796,1086,0
841,627,0
856,942,1
771,1064,0
770,169,0
858,562,0
191,300,0
372,174,1
559,612,0
529,593,0
709,1076,0
777,301,0
834,171,0
200,133,1
421,209,0
213,877,0
934,1087,0
885,582,0
189,267,1
485,810,0
905,905,0
19,47,0
109,87,0
596,936,0
940,629,0
685,880,0
849,695,0
920,1008,0
293,177,0
463,684,0
503,563,0
713,887,0
568,667,0
622,823,0
400,300,0
294,751,0
176,307,0
594,632,0
350,573,0
638,892,0
790,574,0
567,971,0
190,141,0
372,175,0
1019,115,0
45,1085,1
78,793,0
841,653,0
897,169,0
610,54,0
26,546,0
757,611,1
588,230,0
825,152,0
656,989,0
6,1045,0
1022,128,0
381,467,0
961,97,0
477,414,0
359,52,0
281,700,0
476,475,0
625,761,1
794,820,0
530,313,0
194,273,0
443,979,0
576,994,0
901,992,0
789,607,0
714,783,0
57,436,0
771,650,0
769,169,0
995,954,0
924,959,1
881,1077,1
966,1006,0
873,711,0
847,663,0
804,1083,0
397,450,0
662,265,0
561,742,0
142,633,0
941,654,0
918,1011,1
622,827,0
516,549,0
952,500,0
955,753,0
851,826,0
763,958,0
715,759,0
661,496,0
769,947,0
649,686,0
892,1063,1
794,825,0
183,314,0
800,67,1
253,1012,0
533,528,0
211,327,0
511,546,0
644,302,0
345,541,0
1015,992,0
718,811,0
751,590,0
288,2,0
453,505,1
964,934,1
427,640,0
279,633,0
902,992,0
970,96,0
576,993,0
635,693,0
1009,259,0
477,732,0
661,672,0
546,758,0
862,854,1
901,792,0
720,812,0
869,990,0
857,175,0
44,195,0
956,500,0
297,423,0
879,892,0
686,1061,0
869,125,0
764,638,0
65,160,0
572,697,0
949,606,0
1028,1,0
744,894,0
482,577,0
712,325,0
590,849,0
673,785,0
496,559,0
480,961,0
595,605,0
1060,926,0
55,225,1
885,619,0
630,699,0
130,433,0
767,690,0
615,639,0
964,973,0
308,1079,0
96,232,0
470,328,0
682,1077,0
392,304,1
257,210,0
250,632,0
476,578,0
486,631,0
32,34,0
338,332,0
406,388,0
934,990,0
722,780,0
577,653,0
728,90,0
687,629,0
44,197,0
370,905,0
811,416,0
671,826,0
221,424,0
912,1007,0
837,437,0
649,988,0
540,548,0
95,89,0
1055,1087,1
289,109,0
933,990,0
888,581,0
477,911,0
196,909,0
109,6,0
304,423,0
861,977,0
948,542,0
825,418,0
241,415,0
489,993,0
28,40,0
848,676,0
517,828,0
902,475,0
661,113,0
412,452,1
486,1058,0
695,805,0
758,74,0
800,105,0
710,668,0
547,866,0
594,641,0
516,601,0
79,149,1
652,842,0
802,513,0
454,518,0
520,538,0
223,361,1
654,561,0
853,667,0
280,461,0
242,749,0
999,141,0
799,470,0
883,960,0
480,631,0
869,977,0
929,1030,0
329,140,0
470,508,0
350,991,0
488,847,0
888,505,0
351,436,0
233,437,0
27,40,0
630,864,0
62,308,0
667,98,0
738,570,0
963,83,0
354,384,0
644,633,0
491,629,0
649,719,0
734,870,0
200,629,0
716,170,0
292,89,0
42,799,0
960,101,0
685,936,0
267,340,0
766,457,0
250,638,0
489,936,0
489,1000,0
845,676,0
667,88,0
256,637,0
164,71,0
203,539,0
825,905,1
19,48,0
576,629,0
328,139,0
690,787,0
1018,171,0
636,761,0
308,340,0
961,272,0
439,578,0
491,1058,0
68,1073,0
342,880,0
556,737,0
941,418,0
997,631,0
491,152,0
827,487,0
934,858,0
241,414,1
439,978,0
845,824,0
1016,969,1
224,142,1
905,936,0
986,719,0
768,614,1
331,389,0
65,308,0
481,629,0
856,989,0
189,429,0
575,576,0
535,301,0
530,595,0
662,672,0
317,306,1
851,527,0
960,88,0
170,52,0
458,507,0
114,124,1
123,927,0
257,709,0
967,725,0
489,542,0
923,1006,0
722,346,0
757,560,0
581,695,0
1005,1053,1
705,579,0
489,846,0
471,684,0
636,692,0
617,667,0
1019,171,0
901,543,0
755,560,0
881,900,0
545,692,0
969,491,0
678,685,1
481,446,0
1045,402,0
23,198,0
616,430,0
1034,463,1
146,632,0
473,1064,0
483,992,0
781,749,0
96,100,0
203,275,0
345,661,0
264,116,1
563,753,0
874,573,0
229,325,0
790,733,0
890,934,0
733,717,0
623,588,0
947,653,0
957,372,0
777,302,0
19,124,0
1001,661,0
949,542,0
689,786,0
814,702,1
288,341,1
78,616,0
654,683,1
883,992,0
860,987,0
498,610,0
270,346,0
442,576,0
467,604,0
532,753,0
16,847,0
503,556,0
838,816,0
370,609,0
1021,110,0
533,640,0
511,866,0
677,889,0
720,811,0
476,587,0
533,648,0
477,446,0
146,299,0
807,510,0
643,635,0
104,121,0
955,313,0
225,615,0
252,313,0
156,190,1
840,827,0
508,683,0
477,606,0
500,556,0
752,898,0
160,4,1
1047,75,0
661,669,1
795,816,0
477,910,0
795,822,0
839,820,0
481,586,0
906,399,0
185,316,0
595,648,0
716,780,0
1060,662,0
901,991,0
116,24,0
617,719,0
544,462,0
62,688,0
703,772,0
580,971,0
197,205,0
1056,307,1
948,574,0
426,52,0
662,496,0
649,675,0
916,1007,0
1035,907,0
118,45,0
439,508,0
688,615,0
427,34,0
519,537,0
657,641,0
926,974,0
925,887,0
773,807,0
532,912,0
431,308,0
686,730,0
915,1007,0
486,653,0
18,211,1
390,146,0
480,629,0
109,255,0
516,600,0
1009,60,0
424,149,0
1055,977,0
143,294,0
807,152,0
480,1022,0
976,976,0
436,740,1
686,886,0
843,820,0
399,411,0
566,714,0
799,399,0
1028,0,1
789,584,0
418,539,0
860,857,1
64,297,0
919,1008,1
454,291,0
443,554,0
683,834,0
997,960,0
507,21,0
373,452,0
728,287,0
807,880,0
458,250,0
480,446,0
1044,695,0
700,331,0
987,606,0
476,793,0
630,471,0
796,259,0
403,104,1
797,61,0
508,557,0
846,821,0
827,5,1
991,590,0
999,626,0
987,542,0
468,742,0
509,954,0
618,675,0
620,695,0
917,1005,0
987,911,0
397,1054,0
529,595,0
576,961,0
966,1010,0
329,716,0
1004,435,0
767,691,0
90,255,0
266,108,0
764,392,0
367,465,0
914,1005,0
299,424,0
95,255,0
178,165,0
152,1075,0
529,351,0
213,327,1
747,294,0
905,419,0
762,51,0
1049,244,1
570,690,0
594,460,0
533,636,0
846,820,0
850,677,0
1037,758,0
203,209,0
117,144,1
15,517,0
568,714,0
691,786,0
964,968,0
102,395,0
850,820,0
618,714,0
755,556,0
1032,497,1
829,694,0
618,646,0
902,727,0
533,724,0
535,335,0
444,414,0
1039,89,0
686,1063,0
543,462,0
95,232,0
540,922,0
532,866,0
807,536,0
709,1021,0
865,629,0
612,615,0
484,582,0
608,697,0
906,644,0
749,607,0
485,934,0
919,1005,0
958,341,0
122,514,0
432,98,0
991,600,0
986,694,0
960,89,0
130,243,0
827,388,0
901,993,0
769,946,0
677,893,0
1037,717,0
292,88,0
619,692,0
253,631,0
433,232,0
27,120,0
906,574,0
596,648,0
619,760,0
657,141,0
709,890,0
857,574,0
838,819,0
1009,250,0
1002,246,0
784,934,0
27,124,0
698,772,0
570,675,0
280,302,1
427,57,0
935,18,0
841,736,0
615,638,0
622,677,0
419,209,0
131,175,1
520,399,0
767,999,0
841,732,0
574,844,0
504,843,0
879,882,0
194,489,0
789,724,0
71,347,0
427,141,0
934,1032,0
24,412,0
562,725,0
3,210,0
444,574,0
749,606,0
759,912,1
574,1022,0
999,724,0
563,879,0
643,637,0
577,846,0
902,629,0
655,487,0
852,827,1
434,232,0
626,472,0
841,541,0
164,52,0
482,587,0
595,948,0
323,911,0
507,610,1
447,411,0
399,160,0
708,759,0
718,801,0
370,926,0
799,421,0
799,1049,0
447,447,0
685,926,0
594,637,0
669,630,0
763,927,0
1062,853,0
793,960,0
1000,538,0
1012,95,0
32,50,1
903,475,0
952,856,1
885,631,0
334,300,0
896,946,0
955,201,0
993,358,0
538,483,1
501,558,0
777,515,0
208,357,0
559,610,0
473,758,0
359,59,0
37,394,0
386,453,0
571,743,1
91,86,1
749,299,0
987,992,1
200,294,0
419,539,0
267,109,0
82,69,0
611,680,0
610,568,0
483,415,0
708,692,0
168,64,0
526,467,0
1039,86,0
843,822,0
350,459,0
534,335,0
194,11,0
308,345,0
680,893,0
184,204,0
901,960,1
427,883,0
1011,724,1
766,324,0
664,724,0
714,787,0
835,951,1
903,792,0
596,607,0
715,849,0
250,139,0
477,587,0
483,629,0
1013,928,0
117,521,0
852,677,0
764,335,0
841,992,0
1035,1071,0
332,385,0
528,595,0
906,535,0
215,374,0
484,538,0
1052,855,0
665,300,0
113,493,0
747,905,0
658,113,0
487,993,0
280,641,0
911,1004,0
500,683,0
567,658,0
885,629,0
175,279,0
495,629,1
158,1057,0
78,629,0
847,658,0
468,602,0
260,121,0
737,983,0
578,711,0
444,607,0
142,528,0
914,1008,0
881,840,0
200,880,0
626,124,0
529,594,0
839,826,0
491,662,1
534,636,0
626,471,1
574,846,0
322,156,1
740,893,0
532,210,0
838,827,0
642,234,1
481,511,0
191,140,0
491,588,0
793,88,0
578,684,0
197,481,0
485,551,1
9,147,0
191,635,0
501,562,0
517,405,1
477,992,0
1037,863,0
657,528,0
740,885,0
24,411,0
167,72,0
364,64,0
960,963,1
121,371,1
249,876,0
591,694,0
947,992,0
800,249,0
280,636,0
928,955,0
639,483,0
284,435,0
911,1002,0
470,579,0
353,436,0
409,96,1
1039,939,1
250,461,0
477,541,0
740,889,0
811,1064,0
250,335,1
521,294,0
480,654,0
1038,692,0
645,721,0
220,870,0
659,669,0
496,556,0
788,627,1
764,641,1
364,192,0
923,1010,0
948,732,0
915,1005,1
1001,936,0
848,827,0
722,801,1
1060,418,0
899,169,0
199,152,0
747,911,0
780,813,0
328,300,0
281,280,1
191,637,0
1056,160,0
951,428,0
834,484,0
868,935,0
844,825,0
221,252,1
281,182,0
38,64,0
1038,699,0
145,177,1
271,318,0
859,1025,1
353,203,0
198,87,0
575,577,0
999,515,0
400,516,0
114,59,0
578,1063,0
948,584,0
119,160,0
476,606,0
213,876,0
477,991,0
539,644,1
860,977,0
449,754,1
593,445,0
940,880,0
961,84,0
719,1079,0
999,140,0
885,1058,0
934,977,0
757,954,0
400,638,0
1038,758,0
95,86,0
647,865,0
795,819,0
902,1058,0
366,225,0
545,949,0
358,165,1
454,289,0
544,568,0
794,677,0
94,964,0
1050,329,0
995,955,0
812,904,0
526,468,1
625,863,0
989,908,0
842,820,0
1047,158,0
257,351,0
270,108,0
608,693,0
280,638,0
577,605,0
838,824,0
250,1075,0
804,714,0
768,287,0
342,587,0
567,663,0
1066,797,0
713,849,0
575,580,0
721,899,0
738,807,0
130,203,1
351,122,0
625,864,0
408,462,1
504,559,1
256,392,0
970,367,0
708,758,0
279,648,0
168,192,0
747,584,0
906,629,0
354,242,0
190,301,0
448,908,1
689,785,1
185,869,0
495,1022,0
747,535,0
934,859,0
738,1039,0
975,975,0
656,1060,0
708,716,0
825,629,0
181,574,0
140,868,0
1001,536,0
29,41,0
534,299,0
535,724,0
509,590,0
497,1040,0
521,935,0
353,106,0
510,591,0
415,237,0
803,695,0
793,247,0
614,515,0
955,210,0
1076,400,0
840,820,1
561,761,0
689,787,0
568,649,0
586,193,0
333,147,0
14,883,0
381,384,0
685,584,0
574,880,0
794,817,1
233,450,0
1031,519,0
288,26,0
195,283,1
1000,584,0
657,633,0
740,892,0
484,511,0
630,1064,0
466,503,0
253,627,0
215,373,1
699,772,0
1004,672,0
554,106,0
807,991,0
800,419,0
470,576,0
999,460,0
458,579,0
807,399,0
353,107,0
1061,581,0
422,205,0
851,817,0
476,992,0
532,351,0
650,667,0
973,682,0
683,890,0
688,576,0
1038,761,0
586,618,0
761,531,1
907,947,1
997,511,0
64,52,0
54,66,0
212,325,1
608,686,1
981,1052,0
581,694,0
904,629,0
902,627,0
797,152,0
153,446,0
352,160,0
110,84,0
733,863,0
78,574,0
491,536,0
708,1064,0
690,785,0
479,574,0
484,399,0
100,13,0
547,665,0
847,695,0
428,550,0
469,577,0
960,6,0
684,891,0
489,418,0
203,204,0
544,759,0
352,74,0
676,218,0
622,819,0
918,1005,0
848,820,0
152,176,1
483,582,0
764,584,0
87,52,0
479,414,0
416,169,0
555,412,0
525,924,0
368,467,1
847,971,0
710,744,0
709,900,0
541,725,1
443,978,0
970,678,0
745,747,1
486,509,0
904,584,0
913,1015,0
452,505,0
457,510,0
713,797,0
909,973,1
203,165,0
458,441,0
345,905,0
967,1057,0
733,886,0
1055,990,0
255,869,0
267,1079,0
885,536,0
593,446,0
590,568,0
388,455,0
476,588,0
868,936,1
807,736,0
359,160,0
636,716,0
714,786,0
658,669,0
666,1083,0
115,308,0
852,823,0
197,243,1
1030,333,0
342,654,0
307,237,0
445,459,0
594,140,0
524,589,0
622,817,0
432,83,0
329,637,0
288,4,0
74,871,0
530,210,0
732,776,0
650,686,0
295,439,0
453,23,0
853,694,0
612,445,0
812,417,0
176,71,0
655,486,0
1023,11,0
695,714,0
864,503,0
191,516,0
370,732,0
201,182,0
473,684,0
248,452,0
955,913,1
418,165,0
635,1083,0
932,1087,0
191,138,1
561,1064,0
476,791,0
799,961,0
433,86,0
799,511,0
111,355,1
37,800,0
76,112,1
448,629,0
570,663,0
682,1076,0
630,692,0
11,759,0
1069,450,0
807,936,0
740,840,0
666,731,1
260,628,0
590,949,0
834,17,0
925,864,0
121,342,0
188,872,0
522,936,0
720,799,1
385,454,0
167,569,0
511,665,0
480,511,0
588,231,1
421,539,0
430,64,0
900,630,0
427,517,0
661,621,0
408,717,0
130,502,0
482,926,1
347,438,0
866,399,0
519,538,1
618,988,0
204,274,1
13,195,0
289,349,0
93,964,0
130,205,0
901,654,0
868,399,0
191,302,0
106,2,0
680,1077,0
387,454,1
1011,140,0
948,880,0
482,399,0
638,840,0
1009,507,0
533,139,0
389,613,1
665,515,0
531,982,0
598,566,0
978,130,0
887,269,1
749,302,0
880,850,1
945,940,0
481,791,1
32,724,0
495,446,0
483,653,0
0,710,0
142,607,0
940,936,0
534,460,0
153,629,0
715,886,0
713,650,1
513,548,1
56,106,0
226,247,0
127,286,0
482,475,0
819,804,0
533,639,0
225,247,0
866,538,0
662,670,0
992,940,0
580,719,0
173,36,0
312,388,1
825,844,0
175,182,0
1045,391,0
925,760,0
819,803,1
186,436,0
160,26,0
595,606,1
142,883,0
710,999,0
643,461,0
841,874,1
958,10,0
1027,1,1
1076,391,1
980,1037,1
268,349,0
758,287,0
664,1075,0
921,1009,0
637,70,0
426,74,0
511,298,0
483,574,0
579,680,0
194,484,0
831,550,0
1017,589,0
922,1003,0
1003,93,1
526,568,0
417,295,0
523,600,1
110,98,0
442,506,0
431,52,0
902,960,1
883,630,0
479,459,0
962,100,0
933,1032,1
328,141,0
522,294,0
758,42,0
94,965,0
991,955,0
330,386,0
843,826,0
796,64,0
135,106,0
31,207,0
1014,874,0
587,231,0
60,120,0
1012,928,1
771,863,0
866,727,0
94,87,0
574,661,0
577,541,0
709,892,0
27,71,0
479,793,0
946,991,1
987,631,0
303,498,1
576,661,0
682,839,0
19,79,0
77,348,0
922,1001,0
643,633,0
353,193,0
620,694,0
646,951,0
738,725,0
204,282,0
879,890,0
445,791,0
638,1077,0
708,699,0
941,653,0
370,792,0
798,127,0
110,88,0
95,100,0
631,650,0
280,460,0
771,831,1
903,980,0
622,676,0
501,878,0
600,379,0
576,418,0
764,460,0
904,1012,0
901,606,0
504,878,0
350,629,0
495,991,0
1007,376,0
292,83,0
183,870,0
687,587,0
93,86,0
1060,541,0
420,395,0
482,736,0
946,993,0
1037,864,0
829,651,0
803,649,0
589,230,1
199,259,0
345,736,0
342,543,0
433,89,0
495,961,0
690,783,0
654,559,0
861,990,0
397,437,0
64,46,0
280,299,0
505,561,0
664,461,0
385,318,0
345,586,0
648,458,1
705,508,0
106,93,0
56,433,0
535,515,0
578,1060,0
811,1025,0
432,86,0
612,446,0
451,583,0
903,993,0
253,445,0
370,586,0
879,885,0
535,639,1
491,587,0
104,672,0
635,680,0
913,1010,0
933,977,0
811,673,0
470,616,0
857,648,0
947,631,0
569,649,0
253,459,1
652,884,0
947,994,1
877,680,0
42,170,0
422,748,0
861,857,0
860,858,0
1002,67,0
687,936,0
482,579,0
961,255,0
482,1022,0
467,742,0
62,159,0
809,534,1
844,817,0
777,1075,0
1049,95,0
807,88,0
267,346,0
1039,6,0
328,632,0
665,637,0
891,501,1
844,823,0
604,522,1
495,541,0
845,527,0
861,1031,0
626,292,0
797,60,0
152,640,0
833,850,0
152,300,0
848,822,0
561,717,0
816,429,0
572,1083,0
905,661,0
921,1003,1
795,817,0
833,1091,0
737,1077,0
284,496,0
794,826,0
930,18,0
839,818,0
987,152,0
466,576,0
614,335,0
807,507,0
636,796,0
477,475,0
807,542,0
1021,172,0
718,800,0
874,245,0
948,629,0
421,204,0
33,491,0
519,727,0
269,108,0
594,648,0
525,546,1
256,636,0
336,514,0
684,893,0
185,353,0
950,187,0
483,443,0
614,634,0
297,453,0
504,612,0
947,535,0
110,540,0
562,313,0
226,615,0
1064,94,1
594,584,0
574,874,0
385,453,1
505,557,0
747,880,0
949,1000,1
482,908,0
246,214,1
852,820,0
1038,568,0
614,635,0
941,586,0
767,941,0
487,654,0
308,344,0
483,399,0
972,96,0
775,831,0
41,801,0
1021,273,0
635,714,0
32,637,0
682,890,0
508,558,0
90,963,0
491,419,0
404,552,0
550,192,0
1049,928,0
155,136,1
963,965,0
574,905,0
928,941,0
534,584,0
107,317,1
674,1021,0
846,676,0
710,560,0
532,723,0
825,846,0
625,849,0
763,1070,0
901,399,0
1018,115,0
845,825,0
190,516,0
935,858,0
164,688,0
497,572,0
256,301,0
631,887,0
713,656,0
714,784,0
533,335,0
884,853,1
167,297,0
529,210,0
10,335,0
1033,921,1
32,140,0
545,864,0
102,457,0
705,803,0
978,1086,0
842,814,0
487,541,0
125,398,0
292,87,0
657,140,0
476,542,0
1021,342,0
314,1025,0
92,1050,0
370,727,0
985,584,0
454,437,0
230,753,0
636,759,0
694,54,0
230,723,0
386,455,1
589,231,0
991,940,0
807,874,0
575,616,0
17,860,0
795,814,0
65,46,0
618,1083,0
256,177,0
480,992,0
472,711,0
284,670,0
56,107,1
586,433,0
477,588,0
507,612,0
453,554,0
926,968,1
799,132,0
7,161,1
163,258,0
825,910,0
623,587,0
543,759,0
736,900,0
847,646,0
536,339,0
483,511,0
253,574,0
476,910,0
892,730,0
520,1012,0
145,35,0
1011,633,0
444,992,0
400,635,0
920,1006,0
790,732,0
940,732,0
548,762,0
417,165,0
361,473,0
858,1026,1
802,925,1
741,839,0
325,570,0
151,190,0
544,887,0
91,87,0
44,982,0
190,635,0
947,542,0
386,318,0
49,488,0
902,993,0
684,889,0
733,759,0
903,961,1
294,191,0
994,936,0
535,461,0
664,302,0
869,1030,0
1054,715,1
664,634,0
491,661,0
764,299,0
719,801,0
416,275,0
305,972,0
1023,273,0
60,73,0
78,446,0
940,475,0
747,511,0
509,550,0
489,152,0
240,337,1
799,654,0
940,586,0
323,972,0
505,556,0
574,588,0
852,676,0
89,80,0
290,801,0
11,177,0
77,340,0
685,588,0
190,21,0
947,654,0
1080,484,0
372,1012,0
1021,484,0
95,964,0
486,926,0
1001,662,0
930,990,0
999,302,0
800,246,0
32,179,0
927,973,0
519,936,0
949,960,0
91,98,0
957,78,0
539,588,0
916,1006,1
1023,485,0
615,634,0
483,459,0
638,1076,0
785,628,0
657,637,0
910,972,1
418,295,1
227,608,0
376,1070,0
444,542,0
759,1048,0
715,717,0
530,764,0
798,60,0
404,628,1
119,120,1
432,88,0
949,992,0
176,120,0
443,506,0
479,653,0
677,839,1
534,141,0
487,846,0
454,833,0
665,724,0
991,601,1
249,522,0
484,535,0
672,907,0
631,699,0
530,723,0
484,536,0
523,922,0
510,513,0
797,236,0
961,271,0
811,711,0
877,675,0
1045,526,1
905,966,1
796,66,0
659,621,0
256,640,0
338,883,0
986,988,0
498,612,0
733,849,0
847,999,1
569,691,0
191,638,0
32,141,0
291,387,1
1014,507,0
665,638,0
480,399,0
1031,291,0
568,1083,0
329,1075,0
564,753,0
53,1071,0
643,515,0
785,672,0
400,1075,0
987,960,0
487,992,0
825,793,0
968,114,0
964,271,0
505,683,0
843,823,1
531,763,1
323,305,0
564,879,0
590,887,0
327,985,1
665,141,0
78,414,0
501,843,0
103,204,1
547,762,0
645,722,1
812,1025,0
741,885,0
484,662,0
211,876,0
840,825,0
177,204,0
433,97,0
804,719,0
505,560,0
166,135,0
94,366,0
743,679,1
883,605,0
152,636,0
901,653,0
687,732,0
466,554,0
484,727,0
481,631,0
387,917,0
879,893,0
594,335,0
675,890,0
250,34,0
1061,580,0
142,619,0
562,879,0
1014,418,0
584,668,0
779,67,0
418,36,0
902,846,0
508,610,0
1037,734,0
567,649,0
1011,335,0
333,57,0
874,536,0
841,584,0
1039,85,0
664,632,0
62,160,0
685,793,0
552,597,0
289,344,0
413,1033,0
900,631,0
416,165,0
253,80,0
479,961,0
37,170,1
562,913,0
577,991,0
453,509,0
32,528,0
399,287,0
520,938,0
809,469,0
533,516,0
345,1018,0
485,408,0
930,858,0
1053,64,0
77,349,0
481,654,0
839,527,0
274,936,0
258,206,1
685,414,0
254,262,0
691,789,0
233,449,0
583,667,0
434,86,0
934,1029,1
775,717,0
615,299,0
367,466,1
140,376,0
426,72,0
825,727,0
1004,113,0
922,1004,0
142,152,0
905,588,0
554,123,0
691,787,0
685,574,0
109,232,0
669,631,0
940,1017,1
905,662,0
480,630,0
256,140,0
256,516,0
256,302,0
504,610,0
370,538,0
535,516,0
64,160,0
622,826,0
176,160,0
660,671,1
308,348,0
949,911,0
528,764,0
991,941,0
130,107,0
895,169,0
739,625,0
559,683,0
400,141,0
670,816,0
1021,128,0
91,83,0
981,1037,0
421,395,1
474,677,0
20,79,0
807,961,0
9,639,0
1039,974,0
241,616,0
531,192,0
957,927,0
756,393,0
285,606,0
479,573,0
459,465,0
444,736,0
885,418,0
973,367,1
350,732,0
89,18,0
297,316,0
427,636,0
181,629,0
657,515,0
846,822,1
775,1064,0
522,475,0
473,734,0
687,793,0
896,275,0
1054,850,0
985,619,0
96,101,0
733,716,0
888,580,0
825,627,0
532,913,0
82,51,0
851,820,0
182,334,0
345,582,0
657,335,0
932,18,0
946,992,0
825,980,0
619,568,0
462,9,0
834,172,1
962,87,0
328,138,0
682,889,0
795,827,0
557,597,0
594,461,0
680,882,0
441,228,0
692,786,0
226,415,0
484,245,0
863,430,0
305,370,0
963,99,0
931,125,0
1061,1086,1
95,963,0
617,647,0
1060,510,0
496,683,0
963,939,0
574,1071,0
983,955,0
271,377,1
994,629,0
487,1058,0
755,683,0
659,670,0
749,461,0
37,348,0
777,883,1
512,665,0
261,258,0
425,384,0
849,680,0
350,791,0
722,1079,0
176,569,0
78,631,0
481,880,0
865,536,0
763,1028,0
574,629,0
545,760,0
654,557,0
484,910,0
989,1071,1
978,166,0
296,423,0
13,62,0
129,868,1
881,1021,0
254,261,1
348,974,0
901,793,0
542,806,1
387,251,0
994,627,0
444,446,0
669,792,0
487,543,0
985,960,0
999,633,0
960,939,0
338,175,0
901,926,0
987,630,0
531,595,0
342,588,0
916,1068,0
681,685,0
1038,734,0
978,162,0
191,177,0
514,547,1
670,677,1
708,831,0
520,627,0
131,619,0
881,890,0
799,130,0
400,301,0
110,6,0
316,1064,0
624,1069,1
181,732,0
802,924,0
531,593,0
115,47,0
546,568,0
438,755,1
331,256,0
747,910,0
838,826,0
669,586,0
1063,847,1
963,255,0
948,991,0
110,965,0
168,294,0
464,554,0
987,510,0
792,902,1
807,511,0
671,816,0
112,51,1
462,81,0
40,888,0
846,816,0
890,85,0
575,615,0
539,874,0
754,913,0
51,376,0
87,74,0
685,582,0
83,373,0
1061,579,0
550,595,0
482,880,0
845,826,0
419,324,1
500,560,0
109,84,0
1060,960,0
528,210,0
669,791,0
906,1012,0
842,827,0
466,578,0
200,574,0
940,1012,0
614,638,0
480,574,0
509,591,0
250,35,0
330,385,1
1047,688,0
749,139,0
352,569,0
385,917,0
78,791,0
495,582,0
807,980,0
192,263,0
4,153,1
400,626,0
350,844,0
462,480,0
872,125,0
298,424,0
618,691,0
489,960,0
857,528,0
168,258,1
976,1080,0
775,760,0
940,511,0
720,801,0
1011,635,0
867,1015,0
306,385,0
487,960,0
755,610,0
342,418,1
539,911,0
840,824,0
329,717,0
78,844,0
486,507,0
387,376,0
673,782,0
353,155,0
1010,1042,1
608,649,0
87,159,0
371,333,0
577,661,0
576,541,0
803,675,0
519,536,0
544,699,0
840,815,0
489,732,0
620,680,0
477,577,0
678,679,0
972,402,0
247,325,0
577,542,0
554,243,0
91,965,0
842,824,0
527,806,0
297,454,0
765,491,0
755,843,1
1021,81,0
799,790,0
728,52,0
619,761,0
856,1061,0
847,667,0
619,716,0
520,536,1
636,863,0
530,763,0
1019,273,0
758,59,0
647,951,0
520,905,0
807,727,0
674,885,0
1010,979,0
392,60,0
756,146,0
299,376,0
909,409,0
299,251,0
412,180,0
900,587,0
427,301,0
889,978,1
60,158,0
204,266,0
948,541,0
477,573,0
929,1087,0
736,889,0
590,692,1
736,885,1
365,171,0
970,400,0
157,713,1
794,827,0
888,579,0
908,922,1
120,268,1
477,791,0
386,917,0
462,171,0
567,695,0
712,788,0
941,511,0
544,567,0
427,516,0
728,569,0
479,907,0
914,1010,0
42,811,0
107,845,0
1015,152,0
480,576,0
901,541,0
584,663,0
485,409,0
482,732,0
903,507,0
284,113,0
401,242,1
348,408,1
64,72,1
803,988,0
657,139,0
495,414,0
586,45,0
733,692,0
620,971,0
794,815,0
482,910,0
987,991,0
43,349,0
928,600,0
100,4,0
142,793,0
396,215,0
848,815,0
708,886,1
729,521,1
907,624,0
479,880,1
373,181,1
866,537,0
766,303,0
988,1071,0
789,619,0
704,772,1
841,419,0
999,34,0
925,863,0
695,698,0
400,641,0
847,675,0
583,651,0
480,415,0
190,634,0
1031,450,1
455,509,0
792,722,0
977,391,0
947,574,0
487,152,0
395,802,0
946,936,0
755,557,0
616,388,0
194,813,0
947,536,0
190,639,0
477,586,0
841,936,0
328,633,0
1027,9,0
502,512,0
93,939,0
425,482,0
656,837,0
631,863,0
888,506,0
714,785,0
958,13,1
400,461,1
796,127,1
260,265,1
851,815,0
533,634,0
807,294,0
256,57,0
807,130,0
845,819,0
931,990,0
553,597,0
990,553,0
198,232,0
268,345,0
17,845,1
911,1010,0
504,563,0
664,138,0
207,185,1
807,418,0
96,97,0
673,786,0
833,851,1
50,55,1
498,878,0
702,773,1
760,534,0
1039,540,0
328,140,0
890,84,0
625,886,0
519,535,0
1001,543,0
75,847,0
651,842,0
479,846,0
557,596,1
272,426,0
200,961,0
504,556,0
87,120,0
684,890,0
965,71,0
715,734,0
1047,71,0
297,353,0
500,562,1
763,311,0
542,738,0
665,1075,0
868,905,0
657,638,0
997,926,0
909,101,0
351,243,0
676,773,0
535,640,0
1000,528,0
1061,23,0
783,290,1
856,568,0
483,573,0
470,505,0
536,579,0
561,759,0
985,175,0
90,1050,0
485,974,0
1011,640,0
458,427,0
497,835,0
948,992,0
1015,511,0
710,920,0
328,724,0
480,607,0
881,882,0
620,697,0
644,640,0
643,638,0
635,663,1
267,349,0
567,694,0
890,101,0
1003,2,0
482,960,0
9,177,0
581,680,0
900,792,0
635,988,0
617,675,0
764,640,0
206,219,1
64,71,0
422,148,0
522,399,0
935,977,0
342,905,0
855,989,1
868,535,0
96,21,0
607,239,0
664,633,1
801,66,1
194,110,0
370,399,0
87,71,1
933,18,0
590,699,0
969,1047,0
167,46,0
290,108,0
903,732,0
498,843,0
712,784,0
607,572,1
841,152,0
1077,898,0
941,541,0
333,778,0
923,995,1
247,877,0
535,632,0
715,797,0
546,567,0
499,611,0
972,678,1
851,827,0
947,1012,0
666,649,0
757,612,0
562,723,0
211,326,0
402,367,0
91,964,0
363,968,0
966,1007,0
528,762,0
508,878,0
1051,594,0
811,417,0
845,815,1
299,917,0
669,629,0
483,446,0
1002,260,0
926,271,0
233,833,0
838,823,0
574,586,0
758,569,0
268,109,0
849,971,0
1018,172,0
649,694,0
177,167,0
971,808,0
978,248,0
508,611,0
617,714,0
901,573,0
1037,760,0
393,440,0
217,30,0
350,630,0
609,675,0
198,97,0
1011,606,0
561,758,0
91,963,0
877,971,0
667,963,0
832,49,1
104,669,0
797,127,0
715,864,0
789,461,0
142,515,0
191,56,0
38,192,1
775,758,0
429,956,0
448,574,0
242,200,0
140,353,1
909,540,0
483,577,0
967,1039,0
431,59,0
190,883,0
452,508,0
196,1071,0
260,496,0
544,21,0
164,158,0
1056,308,0
930,1030,0
511,763,0
716,799,0
250,300,0
479,511,0
342,662,0
789,460,0
728,74,0
629,872,0
570,680,0
129,869,0
477,846,0
594,633,0
1060,399,0
44,755,0
62,47,0
433,83,0
491,736,1
487,538,0
794,818,0
483,576,0
912,1015,0
900,443,0
825,535,0
851,825,0
477,908,0
874,584,0
160,93,0
558,342,1
764,139,0
328,35,0
590,761,0
52,61,1
764,636,0
198,366,0
115,160,0
1009,566,0
764,639,0
683,891,0
949,510,0
545,761,0
892,837,0
1015,544,0
612,247,0
646,1034,0
538,1027,0
551,872,1
508,21,0
108,243,0
493,530,0
452,250,0
121,115,0
608,680,0
333,179,0
986,971,0
638,891,0
797,583,0
1038,759,0
595,926,0
548,664,0
298,317,0
577,511,0
229,320,0
11,35,1
375,347,0
495,791,0
619,650,0
191,517,0
33,1047,0
643,302,0
771,886,0
93,965,0
931,987,0
995,922,0
713,1064,0
965,297,0
576,980,0
208,64,0
520,732,0
505,559,0
569,646,1
551,868,0
692,782,1
342,1058,0
718,798,1
964,540,0
825,961,0
1,41,0
996,881,0
546,692,0
928,940,1
1037,1064,0
709,1077,0
701,1074,0
856,1060,0
1015,333,0
330,389,0
216,200,0
584,667,0
569,719,0
805,421,0
862,476,0
263,1047,0
609,651,0
912,1001,0
674,893,0
510,664,0
533,35,0
444,630,1
512,546,0
842,825,0
999,392,0
749,724,0
639,37,0
27,52,0
168,328,0
529,913,0
152,461,0
21,208,0
975,1080,0
1009,980,0
528,753,0
898,1065,1
479,588,0
896,943,1
1018,480,0
801,60,0
987,732,0
728,59,0
428,664,0
112,69,0
965,688,1
749,1075,0
561,949,0
839,677,0
900,793,0
176,52,0
705,506,0
740,1021,0
200,846,0
433,939,0
510,593,0
677,983,0
839,819,0
948,544,0
420,539,0
987,475,0
947,152,0
720,348,0
546,761,0
636,656,0
626,473,0
363,271,0
32,461,0
110,87,0
753,898,1
99,1087,0
576,544,0
685,846,0
614,641,0
923,1005,0
881,885,0
530,866,1
570,666,0
669,793,0
666,663,0
841,1012,0
674,900,0
331,386,1
400,634,0
977,367,0
1004,628,0
304,424,0
625,758,0
967,835,0
747,537,0
142,641,0
363,540,0
906,967,1
194,172,0
851,824,0
399,74,0
576,653,1
274,536,0
646,1033,1
958,93,0
661,670,0
428,593,0
832,585,0
1024,1072,1
908,923,0
15,141,0
292,939,0
827,503,0
853,988,0
1061,554,0
176,158,1
807,992,0
474,1066,1
499,556,0
350,414,0
301,868,0
381,466,0
777,633,0
88,585,0
217,913,0
911,1008,0
784,974,0
580,694,0
365,480,0
534,138,0
477,793,0
480,960,0
848,826,0
868,937,0
274,399,1
440,581,0
328,638,0
999,641,0
10,50,0
988,574,0
177,303,0
901,732,0
882,336,0
796,583,0
966,1011,0
689,789,0
749,335,0
734,776,1
644,626,0
213,320,0
957,1070,0
960,271,0
948,418,0
841,475,0
865,627,0
399,71,0
805,248,0
106,91,1
718,346,0
550,879,0
777,632,0
503,559,0
615,300,0
278,379,1
535,633,0
1077,884,0
415,256,0
32,460,0
481,792,0
649,680,0
292,101,0
203,324,0
1010,648,0
245,214,0
590,831,0
560,553,0
738,913,0
963,366,0
590,759,0
206,426,0
756,514,1
1056,59,0
932,857,0
711,782,0
771,949,0
630,831,0
837,289,0
757,563,0
930,987,1
326,431,1
410,1009,0
451,616,0
491,880,0
439,505,0
750,828,1
9,179,1
419,303,0
160,91,0
576,607,0
280,1075,0
842,677,0
282,114,1
826,19,1
329,139,0
19,40,0
485,272,0
1011,607,0
575,247,0
910,398,0
545,568,0
43,348,0
213,321,0
687,588,0
181,511,0
352,159,0
302,426,1
172,966,0
12,207,0
535,299,0
534,1075,0
830,1054,0
1077,901,0
808,236,0
531,764,0
972,682,0
480,588,0
839,817,0
799,963,0
795,818,0
522,538,0
965,59,0
366,102,0
854,504,0
842,823,0
1018,17,0
164,74,0
807,541,0
180,936,0
312,486,0
454,450,0
1060,475,0
213,325,0
1,154,1
643,300,0
580,695,0
141,192,0
453,978,0
443,580,0
852,527,0
818,803,0
688,578,0
715,656,0
684,840,0
476,960,0
658,628,0
836,1033,0
921,1001,0
650,728,1
861,18,0
408,759,0
594,635,0
1060,607,0
657,300,0
280,141,0
797,64,0
1015,509,0
533,626,1
65,159,0
853,663,0
528,723,0
163,910,0
915,1008,0
280,515,0
370,152,0
617,658,0
563,725,0
521,245,0
798,583,0
576,736,0
926,100,0
1035,908,0
104,670,0
483,991,0
1066,1064,1
440,23,0
1043,68,0
949,541,0
568,695,0
622,818,0
250,636,0
183,861,0
32,517,0
947,629,0
840,819,0
715,1064,0
473,742,1
997,993,0
902,874,0
37,349,0
528,594,0
253,247,0
664,638,0
121,485,0
991,922,0
14,44,1
763,372,0
943,1070,0
549,875,1
799,960,0
807,960,0
766,209,0
576,543,0
142,631,0
482,630,0
420,275,0
545,831,0
851,822,0
643,140,0
904,627,0
906,727,0
946,536,0
134,10,0
710,698,0
477,582,0
253,629,0
917,1010,0
256,35,0
577,993,0
1043,51,0
569,971,0
658,670,1
845,821,0
104,621,0
292,232,0
276,911,0
687,415,0
788,880,0
529,664,0
963,101,0
445,880,0
42,812,1
951,187,1
444,926,0
596,175,0
905,586,0
508,556,0
906,475,0
677,892,0
949,543,0
205,266,1
657,1012,0
684,839,0
1037,742,0
931,20,0
220,281,0
394,848,1
957,830,0
846,826,0
78,459,0
852,826,0
194,17,0
499,557,0
111,358,0
32,44,0
200,627,0
805,162,0
841,960,0
565,643,0
1020,171,0
196,304,0
940,509,0
511,192,0
1057,1014,1
400,640,0
476,399,0
451,507,0
987,509,0
873,1061,0
724,1056,0
997,543,1
628,124,0
452,978,0
266,344,0
546,886,0
479,1022,0
465,603,0
807,506,0
134,93,0
476,586,0
534,516,0
664,636,0
256,641,0
962,6,0
3,913,0
75,227,1
30,41,1
153,247,1
845,677,0
766,395,0
649,658,0
680,885,0
65,297,0
854,388,0
458,580,0
1062,1006,0
574,609,0
883,736,0
812,1064,0
161,464,0
280,724,0
509,548,0
445,926,0
600,440,1
578,730,1
253,880,0
758,159,0
561,849,0
325,912,0
569,680,0
123,1028,0
422,193,0
786,958,0
353,145,0
165,32,1
846,819,0
334,778,0
501,557,0
106,13,0
287,380,1
57,356,0
464,615,0
665,516,0
911,1005,0
900,1022,0
900,1071,0
561,716,0
338,65,0
737,891,0
689,782,0
635,695,0
723,895,1
988,880,0
866,535,0
1001,654,0
443,579,0
949,630,0
293,759,0
652,898,0
250,635,0
715,716,0
846,825,0
107,316,0
987,541,0
153,414,0
342,509,0
758,46,0
840,814,0
546,716,0
103,275,0
705,580,0
212,875,0
348,968,0
489,541,1
185,317,0
806,399,0
511,550,0
951,745,0
548,596,0
731,779,0
867,1016,0
1061,508,0
676,772,0
427,140,0
733,761,0
963,974,0
26,570,0
674,840,0
533,460,0
929,990,0
184,395,0
494,529,0
472,684,1
540,955,0
699,218,0
694,721,0
249,877,1
578,568,0
230,709,0
10,35,0
229,321,1
279,515,0
511,879,0
328,517,0
806,162,0
505,843,0
923,1007,0
701,1034,0
191,636,0
874,538,0
960,964,0
946,654,0
713,716,0
498,683,0
477,1071,0
910,339,0
701,1033,0
550,762,0
73,845,0
96,85,0
109,89,0
399,412,0
535,392,0
934,18,0
170,159,0
399,90,0
926,84,0
707,1065,0
279,606,0
58,65,1
48,79,0
476,511,0
534,528,0
563,982,0
253,844,0
749,301,0
918,1008,0
1039,83,0
996,835,0
865,1012,0
476,844,0
907,946,0
657,392,0
988,629,0
825,736,0
669,926,0
1037,759,0
620,675,0
881,1076,0
683,1021,0
801,236,0
354,468,0
154,79,0
923,1008,0
868,629,0
1029,362,1
967,1056,1
470,585,0
481,459,0
207,253,0
496,612,0
479,1071,0
333,300,0
345,418,0
539,586,0
675,882,0
851,676,0
963,1050,1
892,989,0
483,587,0
635,694,0
1036,804,0
709,889,0
66,456,0
927,408,0
889,581,0
212,321,0
622,824,0
410,712,0
687,586,0
370,936,0
665,632,0
764,724,0
638,890,0
631,759,0
942,887,0
590,760,0
444,415,0
961,85,0
115,120,0
732,845,0
544,650,0
547,550,0
40,809,0
654,562,0
947,418,0
644,140,0
904,536,0